CustomerID,TransactionAmount,TransactionTime,Location,TransactionType,AccountAgeMonths,BehaviorScore,DeviceUsed,IsFraud
1352,1834.26,2023-01-01 13:27:00,Bangalore,Online,89,0.1,Mobile,0
1562,3130.03,2023-01-01 04:52:00,Chennai,ATM,44,0.63,Tablet,0
1828,3030.78,2023-01-01 13:17:00,Chennai,Bank Transfer,97,0.62,Tablet,1
1399,493.04,2023-01-01 21:05:00,Delhi,POS,13,0.24,Mobile,0
1740,1298.36,2023-01-01 03:29:00,Chennai,Online,24,0.98,Desktop,0
1943,3314.32,2023-01-01 11:50:00,Delhi,ATM,83,0.97,Mobile,0
1584,5534.01,2023-01-01 03:33:00,Chennai,Online,114,0.82,Desktop,1
1380,890.05,2023-01-01 17:46:00,Bangalore,Online,77,0.33,Tablet,0
1494,2014.21,2023-01-02 00:41:00,Bangalore,POS,53,0.25,Desktop,0
1920,2748.65,2023-01-03 06:32:00,Chennai,POS,13,0.93,Tablet,0
1085,2109.86,2023-01-01 09:37:00,Kolkata,Bank Transfer,108,0.33,Desktop,0
1811,2144.53,2023-01-01 22:10:00,Bangalore,Online,74,0.95,Desktop,0
1058,5975.99,2023-01-01 02:29:00,Bangalore,POS,71,0.85,Tablet,0
1665,1515.28,2023-01-01 21:43:00,Delhi,POS,111,0.64,Tablet,0
1215,2251.15,2023-01-01 11:20:00,Hyderabad,POS,103,0.14,Tablet,0
1552,1181.15,2023-01-01 03:25:00,Hyderabad,Bank Transfer,65,0.45,Tablet,0
1293,307.21,2023-01-03 08:36:00,Bangalore,POS,66,0.92,Desktop,0
1909,1628.8,2023-01-02 20:39:00,Delhi,Online,76,0.3,Tablet,0
1937,383.86,2023-01-06 01:51:00,Hyderabad,Bank Transfer,62,0.69,Desktop,0
1928,6136.05,2023-01-01 01:57:00,Bangalore,Online,44,0.15,Mobile,0
1874,363.63,2023-01-01 05:21:00,Chennai,ATM,77,0.8,Desktop,0
1165,227.72,2023-01-01 19:40:00,Kolkata,Online,31,0.32,Mobile,0
1311,845.81,2023-01-02 00:33:00,Chennai,POS,52,0.61,Tablet,0
1839,1398.41,2023-01-01 14:25:00,Delhi,ATM,99,0.36,Desktop,1
1071,388.84,2023-01-03 02:07:00,Bangalore,ATM,35,0.97,Desktop,0
1470,2289.33,2023-01-01 22:22:00,Chennai,ATM,101,0.4,Mobile,0
1987,170.53,2023-01-01 05:13:00,Kolkata,Online,89,0.83,Mobile,0
1348,283.8,2023-01-06 00:00:00,Hyderabad,POS,2,0.47,Mobile,0
1775,1659.89,2023-01-02 21:12:00,Bangalore,Online,101,0.6,Tablet,0
1258,4709.6,2023-01-02 06:08:00,Delhi,Bank Transfer,110,0.52,Tablet,0
1700,4596.99,2023-01-02 07:36:00,Bangalore,Online,111,0.95,Desktop,1
1810,3113.7,2023-01-01 08:08:00,Chennai,ATM,32,0.2,Mobile,0
1187,970.52,2023-01-01 10:39:00,Hyderabad,Online,53,0.56,Tablet,0
1914,107.19,2023-01-04 09:43:00,Hyderabad,Online,65,0.42,Mobile,0
1067,435.65,2023-01-01 12:21:00,Delhi,Bank Transfer,63,0.27,Tablet,0
1548,68.24,2023-01-03 04:27:00,Chennai,Bank Transfer,5,0.82,Mobile,0
1386,3216.82,2023-01-01 11:16:00,Delhi,Online,44,0.49,Tablet,0
1711,4238.09,2023-01-04 18:35:00,Kolkata,Online,60,0.22,Desktop,0
1824,776.73,2023-01-01 05:55:00,Mumbai,POS,38,0.81,Tablet,0
1425,3622.82,2023-01-03 02:10:00,Delhi,ATM,44,0.95,Mobile,0
1662,223.33,2023-01-02 02:33:00,Kolkata,Online,22,0.7,Tablet,0
1721,1283.21,2023-01-01 01:11:00,Bangalore,Bank Transfer,72,0.69,Desktop,0
1415,1140.35,2023-01-01 01:40:00,Delhi,Bank Transfer,39,0.7,Tablet,0
1654,2427.32,2023-01-02 10:27:00,Hyderabad,Online,57,0.49,Mobile,0
1073,1157.29,2023-01-01 06:01:00,Delhi,Bank Transfer,80,0.68,Desktop,0
1030,5111.93,2023-01-01 08:41:00,Delhi,ATM,105,0.96,Desktop,0
1851,6054.49,2023-01-01 10:04:00,Bangalore,POS,55,0.31,Desktop,0
1519,2344.78,2023-01-02 01:37:00,Bangalore,Online,17,0.74,Tablet,0
1368,1283.45,2023-01-02 06:40:00,Delhi,ATM,64,0.95,Mobile,0
1634,631.46,2023-01-01 09:16:00,Delhi,POS,28,0.45,Mobile,0
1041,1357.86,2023-01-02 13:17:00,Delhi,Online,5,0.55,Desktop,0
1133,243.16,2023-01-02 03:11:00,Kolkata,Bank Transfer,92,0.49,Mobile,0
1206,4869.52,2023-01-04 14:35:00,Chennai,Bank Transfer,95,0.43,Tablet,0
1350,742.74,2023-01-01 04:17:00,Delhi,ATM,88,0.29,Tablet,0
1636,916.86,2023-01-02 07:35:00,Hyderabad,ATM,6,0.58,Tablet,1
1193,4621.91,2023-01-03 05:00:00,Delhi,Bank Transfer,111,0.62,Mobile,0
1534,754.61,2023-01-01 01:28:00,Hyderabad,POS,91,0.27,Tablet,0
1528,2256.32,2023-01-03 04:01:00,Mumbai,POS,74,0.69,Desktop,0
1989,2612.66,2023-01-03 11:16:00,Hyderabad,ATM,92,0.24,Tablet,0
1761,858.38,2023-01-01 00:19:00,Delhi,Online,95,0.78,Desktop,0
1523,5027.41,2023-01-01 09:56:00,Delhi,ATM,80,0.54,Mobile,0
1471,4150.17,2023-01-01 09:32:00,Mumbai,Online,69,0.86,Desktop,0
1183,140.74,2023-01-02 03:45:00,Chennai,Bank Transfer,56,0.59,Mobile,0
1775,2373.17,2023-01-04 09:42:00,Mumbai,Bank Transfer,104,0.6,Tablet,0
1584,1162.26,2023-01-01 16:13:00,Hyderabad,POS,100,0.29,Mobile,0
1593,3646.68,2023-01-01 09:35:00,Delhi,Bank Transfer,91,0.23,Tablet,0
1739,1794.17,2023-01-01 17:05:00,Kolkata,Online,29,0.5,Mobile,0
1811,7497.54,2023-01-01 05:07:00,Mumbai,ATM,105,0.74,Desktop,0
1383,2312.78,2023-01-01 14:24:00,Bangalore,POS,5,0.79,Tablet,0
1622,765.43,2023-01-02 07:38:00,Bangalore,Online,87,0.74,Tablet,0
1458,26.73,2023-01-01 01:14:00,Delhi,Bank Transfer,15,0.55,Tablet,0
1893,358.58,2023-01-01 19:36:00,Mumbai,POS,67,0.29,Mobile,0
1075,7242.22,2023-01-02 06:01:00,Chennai,Online,68,0.65,Tablet,0
1977,2682.08,2023-01-06 05:29:00,Bangalore,Online,13,0.39,Tablet,0
1967,2187.05,2023-01-01 01:58:00,Bangalore,ATM,6,0.93,Desktop,0
1318,1932.39,2023-01-01 15:51:00,Bangalore,Online,27,0.34,Desktop,0
1214,9899.54,2023-01-01 11:19:00,Bangalore,ATM,40,0.7,Mobile,0
1541,1267.73,2023-01-01 07:13:00,Kolkata,POS,66,0.99,Desktop,0
1654,1738.59,2023-01-08 10:23:00,Kolkata,ATM,2,0.29,Mobile,1
1120,554.21,2023-01-02 01:24:00,Delhi,Bank Transfer,34,0.39,Mobile,0
1136,132.72,2023-01-01 00:41:00,Kolkata,Online,42,0.61,Mobile,0
1817,5364.57,2023-01-02 03:53:00,Kolkata,POS,72,0.18,Mobile,0
1657,2735.59,2023-01-01 11:18:00,Chennai,ATM,49,0.9,Mobile,0
1743,26.19,2023-01-02 12:30:00,Delhi,Bank Transfer,56,0.26,Mobile,0
1455,484.59,2023-01-01 20:05:00,Hyderabad,POS,80,0.49,Mobile,0
1097,3785.54,2023-01-03 01:05:00,Kolkata,Online,76,0.96,Mobile,0
1611,1485.71,2023-01-04 04:39:00,Kolkata,ATM,52,0.81,Desktop,0
1294,3075.2,2023-01-01 01:17:00,Mumbai,Online,56,1.0,Tablet,0
1680,2064.63,2023-01-02 03:27:00,Hyderabad,POS,40,0.84,Mobile,0
1205,2240.95,2023-01-01 16:44:00,Delhi,Bank Transfer,59,0.62,Tablet,0
1150,1651.3,2023-01-01 14:17:00,Mumbai,POS,40,0.82,Desktop,0
1736,710.59,2023-01-01 04:42:00,Delhi,POS,12,0.73,Mobile,0
1726,1254.88,2023-01-01 11:30:00,Chennai,ATM,49,0.14,Mobile,0
1500,2076.4,2023-01-01 16:47:00,Delhi,Bank Transfer,64,0.21,Mobile,0
1700,2326.9,2023-01-01 12:06:00,Kolkata,POS,108,0.23,Tablet,0
1431,780.87,2023-01-03 07:12:00,Chennai,ATM,45,0.88,Mobile,0
1429,1329.0,2023-01-01 11:03:00,Chennai,POS,110,0.61,Tablet,0
1210,2928.98,2023-01-01 11:34:00,Delhi,POS,51,0.16,Tablet,0
1717,2024.17,2023-01-01 14:24:00,Hyderabad,POS,10,0.6,Desktop,0
1768,104.6,2023-01-01 06:32:00,Bangalore,Bank Transfer,119,0.9,Tablet,0
1827,5685.69,2023-01-01 00:14:00,Mumbai,ATM,49,0.37,Tablet,0
1734,2450.84,2023-01-01 06:05:00,Mumbai,ATM,35,0.44,Desktop,0
1155,2378.98,2023-01-01 05:52:00,Hyderabad,Bank Transfer,16,0.65,Desktop,0
1483,2828.2,2023-01-01 10:31:00,Kolkata,POS,100,0.52,Desktop,0
1912,2698.6,2023-01-01 20:53:00,Delhi,Bank Transfer,36,0.52,Tablet,0
1191,5295.94,2023-01-01 13:17:00,Hyderabad,Online,112,0.24,Mobile,0
1359,4590.61,2023-01-01 08:41:00,Chennai,ATM,107,0.48,Mobile,0
1748,5728.87,2023-01-02 18:02:00,Mumbai,POS,77,0.71,Desktop,0
1964,179.2,2023-01-01 09:24:00,Hyderabad,Bank Transfer,29,0.31,Mobile,0
1763,3078.66,2023-01-01 05:31:00,Hyderabad,Bank Transfer,97,0.2,Tablet,0
1388,432.28,2023-01-02 15:04:00,Mumbai,POS,97,0.43,Desktop,0
1381,1371.57,2023-01-01 22:22:00,Hyderabad,Online,19,0.16,Mobile,0
1962,406.01,2023-01-02 12:38:00,Delhi,Online,51,0.51,Tablet,0
1880,291.78,2023-01-01 02:20:00,Delhi,ATM,72,0.3,Desktop,0
1375,752.45,2023-01-02 00:24:00,Chennai,ATM,49,0.5,Tablet,0
1848,4349.19,2023-01-01 14:59:00,Delhi,ATM,47,0.24,Mobile,0
1530,341.92,2023-01-01 21:33:00,Chennai,POS,112,0.68,Tablet,1
1877,978.62,2023-01-01 07:27:00,Mumbai,Online,27,0.68,Desktop,0
1118,4080.74,2023-01-01 21:56:00,Hyderabad,Online,2,0.86,Mobile,0
1218,810.01,2023-01-01 09:57:00,Chennai,Bank Transfer,26,0.3,Tablet,0
1005,2882.7,2023-01-01 02:14:00,Delhi,ATM,76,0.92,Mobile,0
1348,1409.77,2023-01-01 13:39:00,Chennai,POS,71,0.55,Desktop,0
1907,396.27,2023-01-01 00:59:00,Bangalore,Bank Transfer,67,0.77,Tablet,0
1748,994.02,2023-01-01 09:52:00,Bangalore,Bank Transfer,109,0.91,Tablet,0
1380,691.2,2023-01-01 03:41:00,Bangalore,Online,81,0.51,Tablet,0
1003,2584.89,2023-01-01 07:35:00,Hyderabad,Bank Transfer,90,0.53,Tablet,0
1376,260.57,2023-01-01 19:25:00,Kolkata,Bank Transfer,71,0.13,Desktop,0
1326,1649.68,2023-01-02 21:01:00,Bangalore,POS,29,0.69,Tablet,0
1386,595.59,2023-01-01 14:10:00,Bangalore,Bank Transfer,43,0.12,Mobile,0
1550,501.08,2023-01-01 02:56:00,Bangalore,Bank Transfer,47,0.18,Tablet,0
1637,2090.23,2023-01-01 21:11:00,Chennai,ATM,107,0.17,Desktop,0
1325,154.56,2023-01-01 02:08:00,Bangalore,Online,87,0.26,Tablet,0
1916,3306.12,2023-01-03 08:01:00,Kolkata,POS,44,0.67,Mobile,0
1337,2970.82,2023-01-01 16:47:00,Delhi,Bank Transfer,4,0.8,Tablet,0
1705,357.24,2023-01-01 05:19:00,Delhi,POS,22,0.2,Desktop,0
1993,153.58,2023-01-01 05:00:00,Mumbai,Bank Transfer,109,0.19,Mobile,0
1282,841.54,2023-01-01 09:35:00,Kolkata,POS,59,0.26,Tablet,0
1374,332.18,2023-01-01 03:00:00,Delhi,POS,44,0.18,Mobile,0
1784,1231.71,2023-01-01 20:54:00,Delhi,Online,31,0.51,Mobile,0
1929,2171.32,2023-01-03 09:03:00,Chennai,POS,48,0.11,Mobile,0
1091,3012.55,2023-01-03 19:54:00,Chennai,POS,53,0.85,Mobile,0
1592,921.75,2023-01-02 00:00:00,Mumbai,Online,55,0.2,Tablet,0
1889,819.99,2023-01-01 16:57:00,Delhi,ATM,28,0.17,Mobile,0
1915,6.9,2023-01-01 11:30:00,Chennai,Bank Transfer,50,0.21,Tablet,0
1651,142.51,2023-01-01 00:24:00,Kolkata,POS,64,0.24,Mobile,0
1895,977.6,2023-01-01 10:48:00,Kolkata,ATM,34,0.15,Tablet,0
1541,1452.54,2023-01-03 10:59:00,Chennai,Online,57,0.14,Desktop,1
1795,552.53,2023-01-03 10:09:00,Chennai,Bank Transfer,48,0.42,Tablet,0
1127,73.31,2023-01-04 12:12:00,Chennai,Bank Transfer,14,0.41,Mobile,0
1024,465.69,2023-01-01 00:03:00,Mumbai,ATM,113,0.15,Desktop,0
1323,4537.72,2023-01-02 08:16:00,Bangalore,POS,115,0.67,Tablet,0
1300,2444.84,2023-01-04 03:22:00,Kolkata,Bank Transfer,101,0.4,Mobile,0
1864,4593.27,2023-01-02 00:45:00,Bangalore,Bank Transfer,54,0.68,Mobile,0
1272,4036.76,2023-01-01 17:29:00,Kolkata,Online,45,0.3,Mobile,0
1231,2680.85,2023-01-02 12:25:00,Chennai,POS,87,0.82,Tablet,0
1730,3131.16,2023-01-02 03:16:00,Chennai,ATM,65,0.25,Mobile,1
1781,2359.97,2023-01-01 14:32:00,Mumbai,ATM,99,0.13,Mobile,0
1090,152.66,2023-01-02 17:50:00,Hyderabad,ATM,107,0.97,Tablet,0
1804,408.49,2023-01-01 14:07:00,Chennai,POS,6,0.25,Tablet,0
1216,1827.55,2023-01-01 07:02:00,Chennai,Online,62,0.71,Desktop,0
1161,490.82,2023-01-02 04:38:00,Mumbai,ATM,20,0.5,Tablet,0
1515,4221.22,2023-01-01 04:44:00,Chennai,ATM,96,0.91,Tablet,0
1127,178.52,2023-01-01 08:48:00,Mumbai,POS,55,0.42,Mobile,0
1200,61.65,2023-01-01 04:11:00,Hyderabad,ATM,107,0.56,Desktop,0
1665,315.54,2023-01-01 03:31:00,Delhi,POS,112,0.84,Desktop,0
1003,2837.1,2023-01-03 17:19:00,Chennai,Bank Transfer,43,0.57,Desktop,0
1650,363.84,2023-01-02 08:15:00,Mumbai,ATM,52,0.24,Mobile,0
1817,697.98,2023-01-01 00:20:00,Hyderabad,ATM,34,0.45,Mobile,0
1456,7908.55,2023-01-01 12:21:00,Mumbai,ATM,85,0.69,Desktop,0
1312,5482.86,2023-01-02 04:05:00,Chennai,Bank Transfer,113,0.26,Desktop,0
1907,1703.29,2023-01-01 01:27:00,Kolkata,Bank Transfer,55,0.89,Mobile,0
1212,1752.29,2023-01-01 23:12:00,Chennai,Bank Transfer,93,0.52,Desktop,0
1469,1001.37,2023-01-01 00:44:00,Kolkata,POS,53,0.97,Tablet,0
1553,35.19,2023-01-01 02:39:00,Delhi,ATM,63,0.53,Mobile,0
1504,3333.11,2023-01-01 00:10:00,Kolkata,ATM,39,0.9,Tablet,0
1599,16.92,2023-01-01 08:27:00,Bangalore,POS,90,0.51,Mobile,0
1866,193.21,2023-01-02 10:54:00,Chennai,POS,102,0.45,Mobile,0
1446,1993.73,2023-01-01 02:10:00,Delhi,ATM,68,0.54,Mobile,0
1993,3229.54,2023-01-01 03:13:00,Delhi,POS,10,0.49,Desktop,0
1663,2160.54,2023-01-01 01:19:00,Delhi,POS,60,0.8,Mobile,0
1874,2006.35,2023-01-02 00:25:00,Delhi,POS,62,0.33,Tablet,0
1190,1805.3,2023-01-01 08:11:00,Delhi,Bank Transfer,61,0.6,Mobile,0
1247,2168.75,2023-01-02 13:07:00,Delhi,POS,55,0.83,Desktop,0
1318,1937.02,2023-01-02 10:08:00,Delhi,POS,22,0.8,Desktop,0
1416,640.97,2023-01-01 01:58:00,Hyderabad,Bank Transfer,6,0.22,Tablet,0
1005,2826.73,2023-01-02 20:21:00,Chennai,POS,49,0.55,Tablet,0
1535,2064.94,2023-01-02 15:33:00,Chennai,ATM,21,0.65,Tablet,0
1642,201.18,2023-01-04 06:11:00,Delhi,Bank Transfer,25,0.39,Mobile,0
1660,591.54,2023-01-01 16:32:00,Chennai,Bank Transfer,22,0.36,Tablet,0
1332,693.5,2023-01-01 00:28:00,Kolkata,Bank Transfer,10,0.32,Desktop,0
1105,468.61,2023-01-01 13:05:00,Hyderabad,ATM,107,0.91,Tablet,0
1301,1631.92,2023-01-03 06:17:00,Kolkata,POS,97,0.29,Tablet,1
1030,676.62,2023-01-01 05:46:00,Chennai,ATM,32,0.54,Tablet,0
1801,653.32,2023-01-02 04:40:00,Delhi,POS,27,0.6,Tablet,0
1833,3598.13,2023-01-01 10:13:00,Kolkata,POS,36,0.42,Tablet,0
1788,8283.16,2023-01-01 15:54:00,Delhi,Online,36,0.27,Mobile,0
1607,234.55,2023-01-02 09:14:00,Chennai,ATM,29,0.21,Desktop,0
1235,151.88,2023-01-01 09:09:00,Chennai,Online,96,0.74,Desktop,0
1396,377.11,2023-01-01 05:56:00,Bangalore,Online,83,0.31,Desktop,0
1505,5237.43,2023-01-03 21:05:00,Mumbai,POS,63,0.19,Tablet,0
1167,61.82,2023-01-01 03:34:00,Delhi,ATM,11,0.79,Mobile,0
1706,11764.63,2023-01-01 12:28:00,Bangalore,ATM,81,0.69,Mobile,0
1919,17.25,2023-01-01 23:10:00,Hyderabad,ATM,26,0.81,Mobile,0
1197,136.63,2023-01-02 02:27:00,Chennai,Online,9,0.49,Desktop,0
1589,1324.3,2023-01-01 22:52:00,Bangalore,Bank Transfer,64,0.92,Mobile,0
1863,3758.02,2023-01-01 17:55:00,Hyderabad,ATM,109,0.71,Desktop,0
1699,1384.53,2023-01-01 23:59:00,Delhi,ATM,57,0.71,Tablet,0
1562,15.73,2023-01-02 02:40:00,Mumbai,POS,30,0.34,Desktop,0
1794,2230.94,2023-01-01 08:42:00,Delhi,POS,64,0.57,Desktop,0
1041,1418.97,2023-01-01 19:06:00,Hyderabad,Online,3,0.92,Mobile,0
1650,3023.05,2023-01-02 06:43:00,Hyderabad,Online,110,0.73,Mobile,0
1253,347.49,2023-01-01 06:41:00,Chennai,Online,5,0.76,Mobile,0
1847,2380.41,2023-01-05 00:39:00,Hyderabad,ATM,114,0.5,Mobile,0
1746,108.26,2023-01-01 21:38:00,Bangalore,ATM,64,0.36,Tablet,0
1977,3016.08,2023-01-01 04:23:00,Delhi,POS,11,0.2,Mobile,0
1288,1222.98,2023-01-01 03:14:00,Hyderabad,Bank Transfer,17,0.55,Tablet,0
1408,542.65,2023-01-01 00:49:00,Delhi,Bank Transfer,97,0.26,Tablet,0
1703,2906.61,2023-01-01 00:50:00,Delhi,ATM,50,0.47,Tablet,0
1788,370.13,2023-01-01 01:11:00,Bangalore,Bank Transfer,7,0.72,Mobile,0
1943,773.27,2023-01-02 06:46:00,Chennai,Online,19,0.24,Desktop,0
1219,1268.83,2023-01-01 20:07:00,Bangalore,Bank Transfer,69,0.73,Mobile,0
1092,877.75,2023-01-03 10:33:00,Hyderabad,POS,34,0.92,Desktop,0
1735,419.96,2023-01-03 08:30:00,Chennai,Bank Transfer,99,0.94,Mobile,0
1619,361.68,2023-01-01 09:08:00,Kolkata,Bank Transfer,116,0.4,Tablet,0
1674,941.53,2023-01-01 13:35:00,Delhi,POS,8,0.39,Mobile,0
1222,4419.98,2023-01-01 12:55:00,Hyderabad,Online,63,0.42,Tablet,0
1834,3489.38,2023-01-01 10:10:00,Chennai,POS,20,0.9,Desktop,0
1567,6336.64,2023-01-01 00:52:00,Delhi,Online,40,0.57,Desktop,0
1393,510.66,2023-01-02 12:46:00,Chennai,Online,43,0.34,Tablet,0
1777,2279.04,2023-01-04 19:32:00,Hyderabad,Bank Transfer,12,0.4,Tablet,0
1908,4778.26,2023-01-02 03:52:00,Delhi,Bank Transfer,114,0.62,Tablet,0
1853,4532.98,2023-01-01 08:51:00,Delhi,Bank Transfer,94,0.48,Desktop,0
1213,1618.04,2023-01-02 01:26:00,Mumbai,POS,5,0.6,Mobile,0
1150,5009.41,2023-01-01 03:52:00,Chennai,Online,88,0.9,Tablet,0
1679,648.98,2023-01-05 23:21:00,Chennai,ATM,84,0.21,Mobile,0
1254,99.62,2023-01-01 16:43:00,Kolkata,Bank Transfer,103,0.57,Tablet,0
1126,717.98,2023-01-01 00:37:00,Hyderabad,ATM,67,0.28,Desktop,1
1179,3628.08,2023-01-01 15:31:00,Bangalore,Bank Transfer,29,0.2,Tablet,0
1459,80.26,2023-01-01 13:03:00,Mumbai,ATM,10,0.39,Mobile,0
1018,886.7,2023-01-02 06:26:00,Bangalore,POS,113,0.57,Desktop,0
1866,88.24,2023-01-01 19:10:00,Kolkata,ATM,38,0.73,Desktop,1
1692,1788.58,2023-01-01 18:38:00,Mumbai,POS,97,0.42,Mobile,0
1972,517.65,2023-01-02 03:50:00,Kolkata,Online,78,0.12,Mobile,0
1262,1935.9,2023-01-01 07:58:00,Hyderabad,ATM,112,0.12,Mobile,0
1404,1546.36,2023-01-01 00:06:00,Delhi,ATM,36,0.6,Mobile,0
1953,1917.7,2023-01-01 12:35:00,Hyderabad,ATM,49,0.9,Tablet,0
1603,1475.06,2023-01-02 05:16:00,Delhi,POS,17,0.97,Mobile,0
1100,1702.78,2023-01-04 19:22:00,Chennai,POS,45,0.42,Tablet,0
1920,4675.07,2023-01-02 05:56:00,Chennai,Online,59,0.41,Tablet,0
1328,945.09,2023-01-02 00:31:00,Kolkata,Online,61,0.15,Mobile,0
1706,319.98,2023-01-01 17:29:00,Bangalore,POS,98,0.7,Desktop,0
1065,3312.13,2023-01-01 00:59:00,Hyderabad,Bank Transfer,14,0.9,Tablet,0
1151,7386.3,2023-01-01 18:02:00,Mumbai,ATM,50,0.5,Desktop,0
1580,12992.92,2023-01-03 15:27:00,Mumbai,ATM,111,0.57,Desktop,0
1924,2182.37,2023-01-01 12:08:00,Delhi,ATM,64,0.97,Desktop,0
1049,5301.64,2023-01-01 15:59:00,Chennai,ATM,96,0.68,Mobile,0
1605,502.32,2023-01-01 00:27:00,Bangalore,Bank Transfer,97,0.11,Mobile,0
1160,1871.6,2023-01-01 12:16:00,Kolkata,ATM,84,0.48,Tablet,0
1134,1295.81,2023-01-01 02:36:00,Chennai,ATM,10,0.55,Mobile,0
1166,2325.99,2023-01-01 13:14:00,Mumbai,POS,112,0.45,Mobile,0
1549,402.76,2023-01-03 07:39:00,Bangalore,ATM,13,0.57,Tablet,0
1948,800.79,2023-01-01 07:22:00,Hyderabad,POS,98,0.46,Tablet,0
1558,1229.89,2023-01-01 16:35:00,Bangalore,ATM,21,0.94,Tablet,0
1658,218.63,2023-01-04 01:20:00,Delhi,POS,36,0.7,Mobile,0
1187,2952.6,2023-01-02 09:22:00,Kolkata,Bank Transfer,16,0.41,Tablet,0
1484,3643.71,2023-01-03 21:30:00,Hyderabad,Online,38,0.27,Tablet,0
1894,1558.49,2023-01-02 19:21:00,Bangalore,Online,72,0.37,Tablet,0
1441,4689.37,2023-01-01 12:14:00,Mumbai,POS,7,0.69,Desktop,0
1700,2053.77,2023-01-03 01:54:00,Kolkata,Bank Transfer,27,0.84,Mobile,0
1943,542.4,2023-01-01 06:50:00,Bangalore,POS,49,0.66,Tablet,0
1929,1046.42,2023-01-01 12:36:00,Bangalore,Bank Transfer,8,0.71,Mobile,0
1739,800.07,2023-01-01 03:00:00,Chennai,Bank Transfer,70,0.96,Mobile,0
1011,759.62,2023-01-01 00:20:00,Chennai,Online,77,0.66,Desktop,1
1580,2974.41,2023-01-01 12:13:00,Mumbai,POS,85,0.39,Desktop,0
1734,38.89,2023-01-01 11:58:00,Hyderabad,Bank Transfer,61,0.17,Desktop,0
1946,4084.55,2023-01-02 04:45:00,Hyderabad,Online,35,0.59,Tablet,0
1536,285.4,2023-01-01 08:29:00,Kolkata,ATM,91,0.11,Tablet,0
1700,700.83,2023-01-02 07:05:00,Delhi,Online,96,0.8,Desktop,0
1708,2689.79,2023-01-09 13:41:00,Delhi,Bank Transfer,86,0.87,Tablet,0
1125,132.23,2023-01-01 12:56:00,Hyderabad,ATM,115,0.91,Tablet,0
1812,3501.27,2023-01-01 00:23:00,Hyderabad,POS,51,0.54,Mobile,0
1070,1097.48,2023-01-01 01:45:00,Mumbai,POS,93,0.83,Desktop,0
1200,4589.26,2023-01-01 12:28:00,Chennai,POS,46,0.98,Tablet,0
1080,3532.7,2023-01-01 01:33:00,Kolkata,Bank Transfer,49,0.48,Mobile,0
1397,1538.31,2023-01-01 07:21:00,Hyderabad,Online,105,0.37,Tablet,0
1552,45.67,2023-01-02 12:57:00,Delhi,POS,58,0.85,Tablet,0
1980,52.48,2023-01-05 05:14:00,Bangalore,ATM,73,0.28,Desktop,0
1014,163.75,2023-01-02 11:58:00,Chennai,ATM,15,0.44,Mobile,0
1700,2109.03,2023-01-01 03:56:00,Kolkata,Online,89,0.99,Desktop,0
1985,383.98,2023-01-01 11:08:00,Bangalore,Bank Transfer,103,1.0,Desktop,0
1168,723.49,2023-01-01 19:11:00,Delhi,Bank Transfer,77,0.49,Desktop,0
1164,29.8,2023-01-02 19:07:00,Bangalore,ATM,76,0.46,Mobile,0
1789,1762.24,2023-01-01 18:05:00,Hyderabad,ATM,41,0.21,Desktop,0
1322,619.73,2023-01-02 23:03:00,Kolkata,POS,75,0.48,Desktop,0
1361,693.17,2023-01-01 11:56:00,Chennai,POS,11,0.57,Tablet,0
1898,3094.42,2023-01-01 04:31:00,Bangalore,Online,43,0.76,Mobile,0
1615,447.61,2023-01-01 09:39:00,Delhi,POS,29,0.45,Desktop,0
1057,2737.06,2023-01-02 03:14:00,Bangalore,Bank Transfer,65,0.31,Tablet,0
1827,2410.76,2023-01-01 18:39:00,Bangalore,Bank Transfer,24,0.81,Tablet,0
1103,198.75,2023-01-01 18:04:00,Mumbai,POS,1,0.56,Desktop,0
1904,268.22,2023-01-01 01:54:00,Mumbai,ATM,43,0.99,Tablet,0
1367,2482.18,2023-01-01 21:24:00,Hyderabad,Bank Transfer,99,0.58,Tablet,1
1626,2946.97,2023-01-04 03:43:00,Kolkata,Online,21,0.96,Tablet,0
1736,7019.4,2023-01-01 17:54:00,Bangalore,POS,34,0.74,Tablet,0
1294,1306.58,2023-01-02 08:12:00,Delhi,POS,84,0.82,Desktop,0
1196,2347.58,2023-01-02 12:27:00,Chennai,ATM,25,0.66,Desktop,0
1734,659.14,2023-01-02 03:47:00,Kolkata,Bank Transfer,113,0.78,Tablet,0
1449,862.47,2023-01-01 01:20:00,Chennai,Online,76,0.52,Mobile,1
1709,1339.34,2023-01-02 03:14:00,Kolkata,Bank Transfer,21,0.16,Desktop,0
1826,569.17,2023-01-01 03:40:00,Kolkata,Bank Transfer,44,0.64,Tablet,0
1799,43.59,2023-01-01 22:11:00,Hyderabad,POS,36,0.31,Desktop,0
1043,3141.77,2023-01-01 10:31:00,Kolkata,ATM,83,0.83,Mobile,0
1941,68.87,2023-01-01 02:03:00,Mumbai,Online,57,0.34,Mobile,0
1021,128.59,2023-01-01 18:11:00,Delhi,ATM,3,0.6,Desktop,0
1433,2823.23,2023-01-01 20:03:00,Chennai,ATM,31,0.34,Tablet,0
1381,2931.73,2023-01-01 00:18:00,Bangalore,Bank Transfer,69,0.95,Mobile,0
1397,56.0,2023-01-02 00:14:00,Bangalore,Online,114,0.55,Tablet,0
1609,2945.01,2023-01-02 08:31:00,Mumbai,Online,44,0.71,Desktop,0
1777,738.11,2023-01-02 05:06:00,Bangalore,Bank Transfer,71,0.47,Desktop,0
1098,1869.36,2023-01-02 03:42:00,Delhi,Online,34,0.78,Tablet,0
1373,3063.4,2023-01-01 11:01:00,Mumbai,ATM,78,0.77,Tablet,0
1884,441.79,2023-01-03 10:25:00,Hyderabad,Online,1,0.1,Mobile,0
1869,750.95,2023-01-01 09:02:00,Mumbai,POS,83,0.48,Mobile,0
1098,1340.7,2023-01-01 08:33:00,Bangalore,Bank Transfer,93,0.88,Desktop,0
1384,39.69,2023-01-01 01:16:00,Bangalore,POS,51,0.44,Tablet,0
1165,1662.19,2023-01-02 07:54:00,Kolkata,Online,57,0.7,Mobile,0
1105,4230.6,2023-01-05 22:41:00,Mumbai,POS,86,0.15,Desktop,0
1136,3241.28,2023-01-01 12:10:00,Kolkata,Online,57,0.73,Tablet,1
1069,3751.4,2023-01-01 08:31:00,Mumbai,POS,55,0.52,Tablet,0
1515,6111.22,2023-01-01 08:49:00,Hyderabad,ATM,11,0.15,Tablet,0
1528,3839.24,2023-01-01 14:54:00,Delhi,ATM,74,0.84,Tablet,0
1274,55.97,2023-01-01 02:22:00,Bangalore,ATM,77,0.97,Tablet,0
1574,2685.71,2023-01-01 22:35:00,Delhi,POS,71,0.8,Tablet,0
1176,1011.6,2023-01-01 17:32:00,Hyderabad,ATM,58,0.3,Desktop,0
1558,3961.19,2023-01-03 00:28:00,Hyderabad,POS,66,0.87,Tablet,0
1435,1607.9,2023-01-01 16:01:00,Chennai,ATM,74,0.34,Desktop,0
1113,218.34,2023-01-02 05:48:00,Hyderabad,Online,95,0.89,Desktop,0
1437,736.33,2023-01-01 01:07:00,Mumbai,Online,85,0.71,Tablet,0
1424,2063.45,2023-01-02 00:34:00,Kolkata,Bank Transfer,60,0.9,Desktop,0
1593,1808.02,2023-01-01 21:05:00,Hyderabad,Bank Transfer,53,0.93,Mobile,0
1890,97.04,2023-01-01 01:52:00,Chennai,ATM,59,0.45,Tablet,0
1563,622.79,2023-01-01 18:47:00,Hyderabad,Bank Transfer,73,0.51,Mobile,0
1495,1037.61,2023-01-01 04:18:00,Bangalore,Online,44,0.11,Mobile,0
1857,2566.88,2023-01-01 03:27:00,Chennai,ATM,100,0.57,Desktop,0
1707,931.5,2023-01-04 12:32:00,Delhi,POS,89,0.91,Desktop,0
1373,2409.83,2023-01-01 22:01:00,Chennai,Bank Transfer,104,0.59,Desktop,0
1259,934.53,2023-01-02 18:07:00,Delhi,ATM,53,0.79,Tablet,0
1642,170.59,2023-01-01 00:18:00,Mumbai,Online,51,0.23,Desktop,0
1544,7390.84,2023-01-01 23:06:00,Chennai,ATM,47,0.38,Mobile,0
1759,3344.8,2023-01-01 05:34:00,Kolkata,Online,32,0.84,Tablet,0
1533,7166.2,2023-01-02 17:16:00,Chennai,ATM,34,0.47,Mobile,0
1210,2821.72,2023-01-01 20:25:00,Kolkata,POS,41,0.36,Tablet,0
1343,7842.24,2023-01-01 13:59:00,Delhi,POS,1,0.41,Mobile,0
1968,1422.44,2023-01-03 00:24:00,Chennai,POS,97,0.56,Desktop,0
1087,3674.46,2023-01-01 09:57:00,Chennai,Online,25,0.18,Desktop,0
1578,179.63,2023-01-02 00:36:00,Delhi,Bank Transfer,26,0.91,Mobile,0
1379,3851.9,2023-01-05 06:58:00,Hyderabad,ATM,67,0.87,Desktop,0
1647,2593.35,2023-01-02 03:25:00,Mumbai,Online,94,0.5,Tablet,0
1505,248.02,2023-01-01 12:52:00,Mumbai,Bank Transfer,6,0.28,Desktop,1
1822,2607.06,2023-01-01 01:00:00,Hyderabad,Bank Transfer,71,0.58,Desktop,0
1436,1299.59,2023-01-01 17:02:00,Delhi,POS,51,0.28,Tablet,0
1949,365.24,2023-01-01 05:22:00,Chennai,ATM,18,0.63,Mobile,0
1387,1757.16,2023-01-02 01:58:00,Mumbai,ATM,106,0.11,Desktop,0
1503,510.0,2023-01-02 13:11:00,Mumbai,ATM,63,0.19,Desktop,1
1433,154.07,2023-01-03 08:36:00,Chennai,POS,30,0.12,Mobile,0
1153,3641.7,2023-01-03 12:37:00,Hyderabad,Bank Transfer,23,0.71,Desktop,0
1278,458.48,2023-01-03 17:29:00,Chennai,POS,50,0.74,Tablet,0
1780,3572.2,2023-01-02 14:31:00,Chennai,Online,60,0.76,Tablet,0
1716,340.77,2023-01-02 16:45:00,Mumbai,Online,8,0.82,Tablet,0
1087,3207.14,2023-01-01 12:53:00,Chennai,ATM,89,0.25,Mobile,0
1944,5125.25,2023-01-01 19:03:00,Chennai,Online,80,0.58,Mobile,0
1504,137.76,2023-01-02 12:28:00,Delhi,POS,84,0.33,Desktop,0
1986,160.92,2023-01-03 17:28:00,Delhi,ATM,109,0.23,Desktop,0
1399,8379.86,2023-01-01 18:03:00,Delhi,ATM,102,0.38,Tablet,1
1716,321.53,2023-01-01 10:22:00,Hyderabad,POS,4,0.62,Mobile,0
1761,9294.84,2023-01-01 11:45:00,Kolkata,Online,64,0.71,Mobile,0
1927,1238.92,2023-01-01 03:57:00,Bangalore,ATM,83,0.23,Tablet,0
1093,6039.17,2023-01-01 14:02:00,Delhi,ATM,115,0.26,Desktop,0
1892,747.1,2023-01-01 05:43:00,Chennai,POS,52,0.23,Desktop,0
1951,281.4,2023-01-01 04:00:00,Kolkata,ATM,3,0.44,Desktop,0
1052,1464.98,2023-01-02 09:39:00,Kolkata,ATM,20,0.3,Tablet,0
1865,7297.38,2023-01-04 01:18:00,Bangalore,Online,17,0.54,Mobile,0
1591,673.45,2023-01-01 16:25:00,Chennai,Online,94,0.27,Desktop,0
1054,108.18,2023-01-01 21:04:00,Hyderabad,POS,61,0.54,Desktop,0
1358,3387.0,2023-01-01 04:25:00,Mumbai,Bank Transfer,6,0.95,Desktop,0
1597,866.08,2023-01-02 03:54:00,Mumbai,Online,56,0.29,Tablet,0
1266,1079.58,2023-01-02 03:53:00,Chennai,Online,104,0.5,Mobile,0
1135,3008.99,2023-01-01 23:41:00,Mumbai,Online,117,0.76,Desktop,0
1684,302.86,2023-01-02 09:40:00,Hyderabad,POS,68,0.27,Mobile,0
1231,696.65,2023-01-03 08:25:00,Delhi,POS,58,0.45,Tablet,0
1114,1720.55,2023-01-01 19:59:00,Kolkata,Bank Transfer,67,0.76,Mobile,0
1637,175.76,2023-01-01 16:02:00,Chennai,POS,29,0.24,Mobile,0
1793,2187.81,2023-01-01 14:45:00,Mumbai,POS,70,0.61,Mobile,0
1056,1148.56,2023-01-01 00:41:00,Mumbai,Bank Transfer,71,0.73,Mobile,0
1040,1863.89,2023-01-01 21:30:00,Kolkata,Online,106,0.65,Mobile,0
1187,665.0,2023-01-01 22:21:00,Hyderabad,POS,50,0.41,Tablet,0
1020,123.81,2023-01-01 20:56:00,Kolkata,ATM,7,0.72,Desktop,0
1304,2974.94,2023-01-03 04:46:00,Delhi,POS,90,0.89,Mobile,0
1731,1949.07,2023-01-01 18:26:00,Delhi,Online,15,0.68,Mobile,0
1854,8904.63,2023-01-03 14:31:00,Hyderabad,ATM,55,0.6,Mobile,0
1651,2323.9,2023-01-01 18:31:00,Kolkata,Bank Transfer,66,0.71,Mobile,0
1024,2103.94,2023-01-05 07:14:00,Bangalore,POS,111,0.17,Mobile,0
1221,1103.75,2023-01-01 06:43:00,Hyderabad,Bank Transfer,40,0.39,Desktop,0
1410,2677.89,2023-01-01 02:53:00,Kolkata,Bank Transfer,101,0.57,Desktop,0
1044,716.67,2023-01-02 12:08:00,Delhi,Online,42,0.54,Desktop,0
1444,908.49,2023-01-01 23:28:00,Mumbai,Online,70,0.13,Tablet,0
1769,1109.58,2023-01-01 06:26:00,Delhi,POS,70,0.42,Desktop,0
1654,678.72,2023-01-01 01:01:00,Hyderabad,Online,36,0.33,Mobile,0
1757,637.18,2023-01-01 01:00:00,Bangalore,Online,93,0.87,Tablet,0
1643,2826.98,2023-01-01 08:34:00,Mumbai,Bank Transfer,34,0.37,Tablet,0
1508,3696.02,2023-01-02 06:51:00,Mumbai,POS,96,0.89,Tablet,0
1568,1334.84,2023-01-01 17:37:00,Kolkata,ATM,47,0.74,Mobile,0
1629,339.07,2023-01-01 14:24:00,Kolkata,ATM,3,0.18,Tablet,0
1516,1136.81,2023-01-01 07:41:00,Kolkata,POS,14,0.75,Desktop,0
1310,4514.0,2023-01-03 05:06:00,Delhi,Bank Transfer,80,0.92,Tablet,0
1288,892.41,2023-01-01 04:27:00,Mumbai,Online,97,0.27,Mobile,0
1382,1377.61,2023-01-01 00:12:00,Kolkata,Bank Transfer,20,0.7,Desktop,0
1839,2078.98,2023-01-01 05:06:00,Bangalore,Online,29,0.64,Mobile,0
1859,480.15,2023-01-02 14:10:00,Hyderabad,Bank Transfer,117,0.84,Tablet,0
1615,769.6,2023-01-02 01:37:00,Kolkata,POS,29,0.75,Mobile,0
1239,1516.44,2023-01-02 00:50:00,Kolkata,POS,51,0.76,Mobile,0
1820,6710.27,2023-01-02 14:19:00,Bangalore,Online,94,0.58,Desktop,0
1243,4006.4,2023-01-01 11:24:00,Chennai,ATM,117,0.6,Desktop,0
1040,5.02,2023-01-04 08:17:00,Delhi,Bank Transfer,102,0.59,Desktop,0
1951,2033.77,2023-01-03 05:29:00,Delhi,POS,12,0.61,Desktop,0
1430,1727.7,2023-01-01 23:28:00,Bangalore,POS,39,0.61,Desktop,0
1822,629.9,2023-01-01 14:25:00,Mumbai,POS,108,0.35,Mobile,0
1774,2049.32,2023-01-01 00:00:00,Mumbai,Bank Transfer,14,0.85,Tablet,0
1654,1346.83,2023-01-01 05:45:00,Chennai,Bank Transfer,114,0.59,Mobile,0
1484,462.06,2023-01-01 13:21:00,Hyderabad,Bank Transfer,89,0.15,Desktop,0
1977,7933.01,2023-01-03 03:58:00,Delhi,POS,103,0.59,Tablet,0
1964,249.4,2023-01-01 11:35:00,Mumbai,ATM,18,0.86,Desktop,0
1240,1432.56,2023-01-02 07:15:00,Delhi,Bank Transfer,12,0.24,Desktop,0
1063,314.98,2023-01-01 12:00:00,Mumbai,POS,105,0.28,Desktop,0
1613,323.48,2023-01-01 04:57:00,Chennai,POS,113,0.86,Desktop,0
1650,522.2,2023-01-02 02:47:00,Bangalore,POS,72,0.59,Tablet,0
1568,1862.86,2023-01-01 17:24:00,Mumbai,Bank Transfer,86,0.58,Desktop,0
1949,165.7,2023-01-01 02:45:00,Delhi,ATM,75,0.25,Tablet,0
1968,2789.58,2023-01-02 20:29:00,Mumbai,Online,38,0.75,Tablet,0
1488,1175.28,2023-01-01 00:45:00,Kolkata,Bank Transfer,82,0.31,Mobile,0
1735,497.7,2023-01-01 16:39:00,Delhi,Online,108,0.97,Mobile,0
1866,931.73,2023-01-02 20:06:00,Hyderabad,POS,91,0.69,Mobile,0
1840,2661.02,2023-01-01 06:22:00,Mumbai,ATM,60,0.47,Desktop,0
1195,1916.22,2023-01-02 09:08:00,Mumbai,ATM,15,0.3,Mobile,0
1223,1367.31,2023-01-01 12:27:00,Mumbai,Online,59,0.22,Tablet,0
1470,1774.24,2023-01-04 12:08:00,Chennai,ATM,38,0.5,Mobile,0
1072,832.43,2023-01-01 01:49:00,Mumbai,ATM,59,0.48,Mobile,0
1716,2528.41,2023-01-02 15:23:00,Mumbai,Bank Transfer,107,0.45,Mobile,0
1411,1545.21,2023-01-02 23:44:00,Kolkata,ATM,17,0.39,Mobile,0
1407,4001.49,2023-01-01 07:16:00,Kolkata,ATM,35,0.17,Desktop,0
1149,1466.05,2023-01-03 04:54:00,Mumbai,Bank Transfer,93,0.8,Mobile,0
1071,547.18,2023-01-01 06:49:00,Hyderabad,Online,22,0.24,Mobile,0
1966,355.2,2023-01-01 20:20:00,Chennai,POS,105,0.35,Desktop,0
1217,2672.91,2023-01-01 22:59:00,Chennai,POS,45,0.12,Tablet,0
1257,831.12,2023-01-01 01:08:00,Hyderabad,Bank Transfer,63,0.72,Desktop,0
1812,1149.27,2023-01-01 07:45:00,Bangalore,Bank Transfer,99,0.48,Mobile,0
1664,918.3,2023-01-01 16:47:00,Chennai,Online,71,0.53,Tablet,0
1747,425.16,2023-01-01 19:48:00,Delhi,ATM,96,0.82,Tablet,0
1588,5979.02,2023-01-02 22:29:00,Mumbai,Bank Transfer,11,0.68,Desktop,0
1172,1627.17,2023-01-01 12:22:00,Chennai,Online,62,0.11,Mobile,0
1484,129.19,2023-01-01 00:52:00,Chennai,POS,56,0.43,Desktop,0
1597,2838.87,2023-01-01 21:08:00,Hyderabad,Online,105,0.24,Tablet,0
1446,1697.72,2023-01-01 23:54:00,Mumbai,Online,73,0.4,Mobile,0
1662,358.5,2023-01-02 11:27:00,Mumbai,POS,38,0.97,Desktop,0
1070,1306.47,2023-01-03 13:25:00,Chennai,Bank Transfer,56,0.96,Tablet,0
1944,112.05,2023-01-01 11:23:00,Mumbai,Online,80,0.81,Desktop,0
1142,1003.91,2023-01-01 01:23:00,Chennai,Online,10,0.96,Mobile,0
1132,845.17,2023-01-01 12:04:00,Chennai,Bank Transfer,68,0.2,Tablet,0
1807,1103.18,2023-01-01 00:06:00,Delhi,POS,83,0.91,Desktop,0
1303,1789.22,2023-01-01 04:29:00,Bangalore,POS,81,0.1,Mobile,0
1670,1840.86,2023-01-01 09:48:00,Chennai,Bank Transfer,106,0.44,Desktop,1
1481,1902.42,2023-01-04 12:36:00,Bangalore,Bank Transfer,52,0.9,Desktop,0
1462,9966.56,2023-01-01 03:40:00,Mumbai,ATM,67,0.25,Mobile,0
1617,891.6,2023-01-01 12:17:00,Mumbai,Online,105,0.66,Mobile,0
1305,129.24,2023-01-04 16:47:00,Chennai,Bank Transfer,108,0.85,Desktop,0
1621,27.38,2023-01-01 00:02:00,Chennai,ATM,104,0.55,Tablet,0
1526,1021.89,2023-01-01 01:37:00,Hyderabad,Online,81,0.38,Desktop,0
1618,1774.1,2023-01-03 06:09:00,Hyderabad,ATM,61,0.4,Desktop,0
1281,2051.48,2023-01-02 23:09:00,Bangalore,Online,72,0.8,Desktop,0
1182,474.95,2023-01-01 09:58:00,Delhi,Online,25,0.33,Desktop,0
1671,1092.05,2023-01-02 14:12:00,Mumbai,Online,37,0.59,Desktop,0
1925,5307.87,2023-01-01 02:09:00,Mumbai,POS,30,0.81,Mobile,0
1163,1068.47,2023-01-02 07:41:00,Hyderabad,Online,33,0.79,Mobile,0
1554,3369.88,2023-01-01 12:12:00,Delhi,ATM,84,0.24,Desktop,1
1055,220.8,2023-01-02 20:41:00,Chennai,ATM,93,0.32,Desktop,0
1729,2701.99,2023-01-01 00:04:00,Mumbai,Online,55,0.39,Desktop,0
1112,659.03,2023-01-01 04:34:00,Hyderabad,Online,43,0.19,Mobile,0
1131,2222.31,2023-01-03 01:57:00,Chennai,Bank Transfer,60,0.43,Tablet,0
1365,1969.49,2023-01-01 22:38:00,Bangalore,Bank Transfer,89,0.37,Mobile,0
1927,3763.9,2023-01-04 07:22:00,Kolkata,POS,16,0.19,Tablet,0
1565,963.35,2023-01-01 18:59:00,Chennai,POS,36,0.55,Desktop,0
1486,976.28,2023-01-03 11:35:00,Hyderabad,Bank Transfer,94,0.7,Desktop,0
1385,2572.68,2023-01-02 11:23:00,Mumbai,POS,50,0.25,Mobile,0
1040,5357.07,2023-01-01 10:29:00,Bangalore,ATM,100,0.79,Desktop,0
1859,426.72,2023-01-01 09:29:00,Chennai,ATM,35,0.91,Mobile,0
1098,2726.8,2023-01-01 05:24:00,Kolkata,Bank Transfer,46,0.51,Desktop,0
1606,24.48,2023-01-01 02:36:00,Bangalore,POS,105,0.34,Mobile,0
1978,3175.87,2023-01-01 02:11:00,Delhi,POS,80,0.33,Tablet,0
1370,3432.47,2023-01-01 08:53:00,Hyderabad,POS,39,0.52,Desktop,0
1784,6728.97,2023-01-01 16:47:00,Kolkata,Online,85,0.92,Mobile,0
1241,1826.56,2023-01-01 21:33:00,Kolkata,POS,118,0.53,Mobile,0
1764,246.11,2023-01-02 18:24:00,Delhi,Bank Transfer,28,0.94,Mobile,0
1212,959.37,2023-01-01 20:55:00,Delhi,Bank Transfer,22,0.91,Desktop,0
1357,5071.35,2023-01-03 21:27:00,Hyderabad,Online,62,0.58,Mobile,0
1624,110.61,2023-01-01 02:51:00,Bangalore,ATM,41,0.53,Tablet,0
1511,1006.44,2023-01-01 03:36:00,Bangalore,Bank Transfer,69,0.82,Tablet,0
1464,2107.34,2023-01-01 14:21:00,Hyderabad,POS,86,0.97,Desktop,0
1221,1109.63,2023-01-01 02:01:00,Delhi,Online,116,0.3,Tablet,0
1943,602.49,2023-01-01 23:11:00,Mumbai,Bank Transfer,19,0.34,Desktop,0
1394,1479.57,2023-01-04 02:39:00,Chennai,Bank Transfer,13,0.3,Desktop,0
1098,5832.98,2023-01-01 01:13:00,Delhi,POS,82,0.42,Mobile,0
1348,5856.36,2023-01-02 02:30:00,Bangalore,Online,107,0.12,Mobile,0
1831,428.28,2023-01-03 00:02:00,Kolkata,ATM,55,0.6,Mobile,0
1854,631.71,2023-01-02 04:12:00,Bangalore,ATM,94,0.97,Mobile,0
1013,2650.52,2023-01-01 03:28:00,Bangalore,ATM,76,1.0,Tablet,0
1479,873.89,2023-01-01 14:27:00,Mumbai,Bank Transfer,60,0.4,Tablet,0
1310,426.01,2023-01-02 04:51:00,Hyderabad,POS,91,0.68,Desktop,1
1482,2818.51,2023-01-01 08:15:00,Mumbai,ATM,23,0.41,Tablet,0
1197,1647.82,2023-01-01 09:56:00,Chennai,POS,4,0.45,Desktop,0
1091,2969.41,2023-01-02 01:34:00,Kolkata,Bank Transfer,89,0.75,Tablet,0
1733,2729.61,2023-01-02 04:37:00,Kolkata,Online,118,0.91,Desktop,0
1444,1656.47,2023-01-01 04:01:00,Delhi,Online,64,0.14,Mobile,0
1648,1149.41,2023-01-01 20:28:00,Bangalore,Online,50,0.85,Desktop,0
1779,1084.48,2023-01-02 10:43:00,Kolkata,POS,20,0.86,Desktop,0
1476,72.1,2023-01-01 09:57:00,Delhi,POS,66,0.77,Mobile,0
1189,859.8,2023-01-03 20:31:00,Bangalore,Online,48,0.6,Tablet,0
1275,2121.52,2023-01-01 23:57:00,Chennai,POS,57,0.38,Desktop,0
1689,184.46,2023-01-01 08:52:00,Hyderabad,Bank Transfer,85,0.71,Mobile,0
1589,524.57,2023-01-01 02:33:00,Kolkata,ATM,16,0.65,Mobile,0
1448,2426.4,2023-01-01 05:23:00,Kolkata,Bank Transfer,26,0.49,Desktop,0
1640,67.43,2023-01-02 00:04:00,Kolkata,Bank Transfer,23,0.65,Desktop,0
1244,1697.2,2023-01-01 13:32:00,Mumbai,POS,4,0.32,Mobile,0
1898,2096.94,2023-01-01 08:15:00,Mumbai,ATM,78,0.27,Desktop,0
1101,1224.35,2023-01-01 00:39:00,Mumbai,POS,50,0.21,Desktop,1
1506,482.44,2023-01-01 01:46:00,Hyderabad,POS,17,0.48,Tablet,0
1750,312.57,2023-01-01 05:10:00,Bangalore,Bank Transfer,82,0.53,Tablet,0
1643,2159.37,2023-01-01 01:38:00,Kolkata,Online,82,0.55,Mobile,0
1751,783.3,2023-01-01 02:01:00,Hyderabad,ATM,45,0.21,Tablet,0
1730,2748.9,2023-01-01 02:19:00,Bangalore,Bank Transfer,103,0.34,Desktop,1
1215,296.25,2023-01-03 02:07:00,Chennai,Bank Transfer,47,0.85,Mobile,0
1581,2856.22,2023-01-01 04:03:00,Delhi,POS,29,0.98,Mobile,0
1503,421.29,2023-01-01 07:24:00,Delhi,Online,104,0.48,Tablet,0
1680,1250.45,2023-01-01 04:33:00,Hyderabad,Bank Transfer,77,0.17,Mobile,0
1738,8299.13,2023-01-01 07:19:00,Hyderabad,ATM,13,0.27,Tablet,0
1754,3663.41,2023-01-03 06:34:00,Hyderabad,Online,103,0.53,Tablet,0
1259,1868.31,2023-01-01 02:12:00,Bangalore,POS,71,0.6,Desktop,0
1169,258.9,2023-01-01 12:47:00,Chennai,Online,37,0.92,Desktop,1
1093,1737.02,2023-01-01 22:42:00,Hyderabad,ATM,38,0.43,Desktop,0
1541,2331.48,2023-01-01 05:55:00,Delhi,Online,44,0.15,Desktop,0
1238,2669.89,2023-01-01 01:30:00,Hyderabad,ATM,47,0.76,Desktop,0
1328,27.35,2023-01-02 16:43:00,Chennai,Online,94,0.52,Mobile,0
1767,6921.02,2023-01-01 19:30:00,Mumbai,Bank Transfer,50,0.96,Tablet,0
1552,241.69,2023-01-01 06:11:00,Delhi,POS,26,0.29,Mobile,0
1227,1091.79,2023-01-01 10:38:00,Hyderabad,ATM,92,0.87,Mobile,0
1944,6616.75,2023-01-01 20:43:00,Kolkata,ATM,81,0.43,Mobile,0
1603,518.37,2023-01-01 19:22:00,Chennai,ATM,58,0.27,Mobile,0
1348,3959.64,2023-01-01 08:28:00,Bangalore,ATM,97,0.66,Desktop,0
1036,1219.18,2023-01-01 23:12:00,Hyderabad,POS,42,0.92,Desktop,0
1605,153.03,2023-01-02 14:57:00,Kolkata,Online,18,0.98,Desktop,0
1601,327.31,2023-01-01 01:10:00,Chennai,POS,15,0.36,Tablet,0
1444,614.79,2023-01-01 21:19:00,Bangalore,ATM,59,0.59,Desktop,0
1197,2518.02,2023-01-01 06:09:00,Kolkata,Online,90,0.8,Desktop,0
1488,5094.24,2023-01-03 03:43:00,Kolkata,ATM,91,0.11,Desktop,0
1687,2959.74,2023-01-01 11:05:00,Mumbai,Bank Transfer,1,0.23,Mobile,0
1743,4119.81,2023-01-02 00:47:00,Hyderabad,Online,34,0.1,Desktop,0
1804,1815.2,2023-01-01 22:08:00,Mumbai,Online,4,0.95,Desktop,1
1400,2723.75,2023-01-01 08:41:00,Mumbai,POS,92,0.26,Mobile,0
1192,2358.38,2023-01-02 22:46:00,Chennai,Online,5,0.95,Tablet,0
1750,1001.51,2023-01-01 20:40:00,Mumbai,Online,107,0.9,Desktop,0
1125,8004.81,2023-01-01 10:23:00,Delhi,ATM,55,0.82,Mobile,0
1203,593.33,2023-01-01 13:08:00,Delhi,Bank Transfer,8,0.94,Desktop,0
1839,604.44,2023-01-02 09:25:00,Chennai,POS,54,0.71,Tablet,0
1712,1679.61,2023-01-01 12:52:00,Delhi,POS,18,0.47,Desktop,0
1845,1763.85,2023-01-02 00:49:00,Delhi,POS,10,0.79,Desktop,0
1430,3629.09,2023-01-01 18:32:00,Chennai,Bank Transfer,104,0.33,Desktop,0
1317,4476.19,2023-01-01 00:30:00,Kolkata,Bank Transfer,7,0.26,Mobile,0
1443,41.58,2023-01-02 10:13:00,Mumbai,Bank Transfer,50,0.82,Mobile,0
1276,1838.97,2023-01-01 04:29:00,Hyderabad,POS,10,0.74,Mobile,0
1716,199.55,2023-01-01 06:10:00,Mumbai,ATM,59,0.46,Tablet,0
1992,520.36,2023-01-01 01:04:00,Kolkata,ATM,48,0.67,Tablet,0
1380,835.64,2023-01-02 16:31:00,Kolkata,ATM,8,0.65,Mobile,0
1931,1862.15,2023-01-01 05:35:00,Chennai,Online,20,0.59,Tablet,0
1148,1189.71,2023-01-03 04:27:00,Kolkata,ATM,65,0.42,Mobile,0
1786,1100.55,2023-01-05 05:51:00,Chennai,ATM,104,0.2,Mobile,0
1974,3403.96,2023-01-01 02:21:00,Bangalore,POS,30,0.74,Mobile,1
1655,1961.08,2023-01-01 16:03:00,Hyderabad,POS,31,0.16,Mobile,0
1724,47.83,2023-01-02 20:35:00,Delhi,Online,116,0.52,Tablet,0
1887,1381.21,2023-01-03 03:25:00,Hyderabad,Online,100,0.72,Desktop,0
1359,1548.53,2023-01-01 02:27:00,Mumbai,POS,100,0.94,Desktop,0
1311,100.19,2023-01-01 18:46:00,Chennai,Online,78,0.31,Mobile,0
1660,1333.98,2023-01-01 07:55:00,Kolkata,Bank Transfer,111,0.26,Desktop,0
1800,1606.5,2023-01-01 12:37:00,Delhi,ATM,53,0.15,Desktop,0
1104,639.09,2023-01-03 03:32:00,Mumbai,POS,68,0.29,Mobile,0
1140,1437.81,2023-01-01 03:46:00,Chennai,Bank Transfer,115,0.69,Tablet,0
1719,893.57,2023-01-01 00:18:00,Chennai,ATM,78,0.26,Tablet,0
1464,1568.9,2023-01-02 01:09:00,Bangalore,Bank Transfer,113,0.72,Desktop,0
1428,229.79,2023-01-02 07:25:00,Kolkata,Online,78,0.55,Mobile,0
1677,6797.18,2023-01-01 12:53:00,Mumbai,POS,111,0.23,Desktop,0
1988,204.42,2023-01-01 05:07:00,Mumbai,ATM,38,0.21,Tablet,0
1304,309.53,2023-01-01 18:10:00,Chennai,ATM,67,0.72,Tablet,0
1376,5776.28,2023-01-03 04:23:00,Chennai,POS,54,0.71,Mobile,0
1268,1277.29,2023-01-01 02:32:00,Delhi,Bank Transfer,56,0.58,Mobile,0
1512,1175.81,2023-01-02 13:57:00,Kolkata,POS,100,0.79,Desktop,1
1463,31.72,2023-01-01 19:09:00,Kolkata,Online,9,0.74,Desktop,0
1666,224.79,2023-01-02 03:27:00,Delhi,ATM,10,0.59,Mobile,0
1694,3896.83,2023-01-01 12:27:00,Kolkata,Bank Transfer,97,0.95,Desktop,0
1555,7170.19,2023-01-01 00:52:00,Mumbai,Bank Transfer,4,0.58,Tablet,0
1881,974.13,2023-01-01 21:36:00,Mumbai,ATM,36,0.37,Tablet,1
1261,586.34,2023-01-01 02:13:00,Hyderabad,Bank Transfer,80,0.49,Mobile,0
1757,1136.59,2023-01-01 08:29:00,Mumbai,Bank Transfer,12,0.35,Tablet,0
1048,800.33,2023-01-01 20:36:00,Chennai,Online,67,0.36,Tablet,0
1071,762.96,2023-01-01 05:07:00,Delhi,Online,61,0.66,Desktop,0
1313,3821.61,2023-01-01 06:50:00,Mumbai,ATM,2,0.33,Mobile,0
1542,5491.1,2023-01-01 23:19:00,Bangalore,Bank Transfer,58,0.1,Desktop,0
1424,996.17,2023-01-02 12:44:00,Mumbai,POS,63,0.82,Mobile,0
1517,588.28,2023-01-03 06:12:00,Mumbai,POS,7,0.84,Tablet,0
1717,3640.01,2023-01-03 01:20:00,Hyderabad,Bank Transfer,80,0.64,Mobile,0
1032,4052.33,2023-01-01 11:00:00,Delhi,Online,85,0.82,Tablet,0
1588,1179.02,2023-01-01 17:05:00,Hyderabad,POS,44,0.68,Desktop,1
1045,86.62,2023-01-01 22:39:00,Chennai,ATM,61,0.71,Tablet,0
1994,87.01,2023-01-01 14:46:00,Delhi,ATM,63,0.99,Tablet,0
1352,900.18,2023-01-02 19:15:00,Bangalore,Online,92,0.62,Desktop,0
1257,1592.86,2023-01-01 03:32:00,Hyderabad,ATM,110,0.99,Desktop,0
1276,566.22,2023-01-01 03:50:00,Bangalore,ATM,54,0.78,Desktop,1
1941,368.79,2023-01-01 07:38:00,Mumbai,Bank Transfer,13,0.96,Desktop,0
1175,4991.67,2023-01-01 23:34:00,Bangalore,POS,70,0.87,Tablet,0
1814,1154.88,2023-01-01 15:22:00,Chennai,Bank Transfer,56,0.56,Desktop,0
1595,44.76,2023-01-01 02:59:00,Kolkata,POS,64,0.38,Desktop,0
1069,2190.61,2023-01-02 02:50:00,Delhi,Online,109,0.11,Mobile,0
1679,2598.44,2023-01-01 20:28:00,Bangalore,Bank Transfer,25,0.52,Tablet,0
1192,461.35,2023-01-03 17:31:00,Bangalore,Bank Transfer,40,0.9,Desktop,0
1392,2549.02,2023-01-01 03:08:00,Kolkata,POS,4,0.84,Desktop,0
1907,1338.45,2023-01-01 12:03:00,Hyderabad,ATM,12,0.18,Desktop,0
1945,3639.09,2023-01-01 11:34:00,Chennai,POS,29,0.47,Tablet,0
1278,566.15,2023-01-01 01:09:00,Chennai,POS,31,0.69,Tablet,0
1046,532.38,2023-01-02 20:47:00,Hyderabad,ATM,71,0.74,Tablet,0
1526,3303.81,2023-01-03 11:23:00,Kolkata,Online,62,0.31,Desktop,0
1803,1391.21,2023-01-02 13:12:00,Chennai,POS,11,0.84,Desktop,0
1809,3424.2,2023-01-03 06:03:00,Hyderabad,ATM,60,0.42,Mobile,0
1471,62.38,2023-01-01 00:58:00,Hyderabad,Online,13,0.98,Tablet,0
1880,2375.07,2023-01-02 14:44:00,Hyderabad,ATM,20,0.33,Tablet,0
1782,510.97,2023-01-01 10:26:00,Bangalore,POS,40,0.52,Tablet,0
1360,1554.6,2023-01-01 11:37:00,Hyderabad,POS,113,0.37,Mobile,0
1706,913.77,2023-01-02 13:54:00,Mumbai,Bank Transfer,106,0.97,Mobile,0
1502,409.43,2023-01-02 10:34:00,Hyderabad,Online,8,0.91,Mobile,0
1339,1717.51,2023-01-02 20:18:00,Hyderabad,Online,80,0.91,Desktop,0
1157,3780.79,2023-01-01 20:56:00,Bangalore,POS,94,0.3,Mobile,0
1309,3278.0,2023-01-01 15:07:00,Bangalore,Online,107,0.86,Mobile,0
1848,2225.19,2023-01-01 01:39:00,Delhi,ATM,46,0.68,Mobile,0
1846,70.13,2023-01-01 22:20:00,Kolkata,Online,84,0.75,Mobile,0
1686,2147.38,2023-01-01 17:08:00,Mumbai,Bank Transfer,43,0.66,Desktop,1
1168,940.09,2023-01-04 11:03:00,Hyderabad,POS,67,0.85,Tablet,0
1407,2303.36,2023-01-02 03:57:00,Delhi,Online,90,0.93,Desktop,0
1936,9089.14,2023-01-01 07:07:00,Delhi,ATM,75,0.26,Desktop,0
1433,2663.89,2023-01-01 18:57:00,Chennai,ATM,97,0.97,Desktop,0
1921,2441.11,2023-01-01 00:45:00,Kolkata,POS,74,0.44,Tablet,0
1011,560.68,2023-01-01 03:26:00,Delhi,Online,81,0.37,Desktop,0
1692,1223.63,2023-01-02 06:42:00,Hyderabad,ATM,110,0.5,Tablet,0
1911,1510.32,2023-01-03 18:15:00,Bangalore,POS,66,0.82,Tablet,0
1893,1993.68,2023-01-01 03:06:00,Delhi,ATM,9,0.88,Desktop,0
1853,166.65,2023-01-04 13:03:00,Chennai,Online,117,0.78,Mobile,0
1907,1340.28,2023-01-01 07:49:00,Kolkata,Online,20,0.59,Mobile,0
1556,1826.98,2023-01-01 01:46:00,Mumbai,ATM,104,0.77,Tablet,0
1341,452.59,2023-01-02 07:14:00,Bangalore,ATM,104,0.2,Tablet,0
1819,52.79,2023-01-02 04:51:00,Mumbai,POS,118,0.75,Desktop,0
1157,4173.8,2023-01-01 07:07:00,Mumbai,Bank Transfer,29,0.84,Tablet,0
1133,7827.21,2023-01-01 15:03:00,Chennai,Bank Transfer,80,0.33,Mobile,0
1129,682.13,2023-01-03 06:45:00,Kolkata,POS,96,0.6,Tablet,0
1638,797.82,2023-01-01 02:52:00,Kolkata,Bank Transfer,67,0.27,Mobile,1
1397,1439.36,2023-01-02 13:26:00,Kolkata,Online,15,0.15,Mobile,0
1368,5434.94,2023-01-01 03:46:00,Hyderabad,POS,101,0.91,Tablet,0
1257,5238.62,2023-01-01 01:50:00,Hyderabad,Online,50,0.38,Tablet,0
1895,703.7,2023-01-02 15:36:00,Hyderabad,Bank Transfer,102,0.75,Desktop,0
1280,7060.98,2023-01-01 12:51:00,Bangalore,Online,47,0.84,Tablet,0
1681,1675.35,2023-01-01 17:28:00,Bangalore,Bank Transfer,40,0.67,Mobile,0
1818,679.45,2023-01-01 13:37:00,Delhi,Bank Transfer,88,0.6,Mobile,0
1688,175.16,2023-01-03 00:02:00,Chennai,Online,68,0.51,Desktop,0
1303,509.46,2023-01-01 16:40:00,Chennai,POS,92,0.99,Desktop,0
1574,1392.97,2023-01-01 14:22:00,Kolkata,POS,3,0.61,Mobile,0
1483,3968.33,2023-01-01 01:49:00,Delhi,POS,105,0.29,Tablet,0
1471,1421.47,2023-01-04 03:01:00,Bangalore,ATM,104,0.52,Tablet,0
1151,8986.79,2023-01-01 15:14:00,Bangalore,POS,70,0.7,Mobile,0
1295,457.7,2023-01-01 02:45:00,Hyderabad,ATM,50,0.63,Desktop,0
1176,4133.77,2023-01-01 08:23:00,Bangalore,Bank Transfer,56,0.5,Mobile,1
1423,2406.7,2023-01-01 16:12:00,Hyderabad,ATM,2,0.16,Mobile,0
1590,1557.82,2023-01-04 02:10:00,Chennai,ATM,59,0.2,Desktop,0
1959,3031.29,2023-01-02 12:36:00,Mumbai,Online,11,0.14,Mobile,0
1923,16.36,2023-01-01 03:48:00,Chennai,POS,84,0.3,Tablet,0
1370,1229.79,2023-01-01 05:31:00,Delhi,ATM,21,0.29,Mobile,0
1476,1954.72,2023-01-01 19:12:00,Kolkata,POS,16,0.16,Mobile,0
1889,309.21,2023-01-01 12:06:00,Mumbai,Bank Transfer,74,0.98,Desktop,0
1414,2784.79,2023-01-02 16:03:00,Mumbai,Online,39,0.31,Tablet,0
1710,6599.45,2023-01-01 17:46:00,Kolkata,Online,82,0.25,Mobile,0
1690,408.02,2023-01-01 03:18:00,Delhi,POS,49,0.76,Desktop,0
1135,1139.15,2023-01-01 04:24:00,Kolkata,ATM,43,0.62,Mobile,1
1660,746.46,2023-01-02 09:01:00,Mumbai,ATM,102,0.3,Mobile,0
1966,1200.43,2023-01-03 16:18:00,Delhi,Online,87,0.54,Tablet,0
1811,6915.04,2023-01-02 13:29:00,Kolkata,POS,104,0.8,Tablet,0
1587,5926.07,2023-01-01 13:26:00,Delhi,POS,66,0.79,Mobile,0
1064,2855.75,2023-01-01 11:03:00,Kolkata,Online,90,0.53,Desktop,0
1295,1310.13,2023-01-01 04:58:00,Delhi,Online,82,0.65,Mobile,0
1136,9.82,2023-01-01 16:26:00,Kolkata,Bank Transfer,86,0.66,Mobile,0
1064,74.34,2023-01-03 00:10:00,Mumbai,Bank Transfer,70,0.59,Tablet,1
1362,512.08,2023-01-02 17:32:00,Kolkata,Online,2,0.95,Mobile,0
1149,895.66,2023-01-01 01:56:00,Kolkata,POS,33,0.51,Tablet,0
1349,1736.14,2023-01-01 21:25:00,Hyderabad,POS,23,0.37,Mobile,0
1819,907.82,2023-01-01 14:15:00,Bangalore,Online,12,0.66,Desktop,0
1786,1888.58,2023-01-01 09:27:00,Mumbai,POS,105,0.39,Desktop,0
1745,92.91,2023-01-02 21:43:00,Bangalore,ATM,44,0.7,Mobile,0
1659,7336.84,2023-01-01 12:03:00,Delhi,ATM,10,0.56,Desktop,0
1508,2450.17,2023-01-02 00:29:00,Kolkata,Bank Transfer,10,0.2,Tablet,0
1245,45.59,2023-01-01 15:30:00,Kolkata,Bank Transfer,65,0.39,Mobile,0
1277,1071.44,2023-01-01 13:03:00,Delhi,ATM,83,0.76,Mobile,0
1095,4678.35,2023-01-01 18:08:00,Mumbai,ATM,101,0.59,Tablet,0
1642,2675.64,2023-01-01 13:03:00,Mumbai,Bank Transfer,54,0.54,Tablet,0
1013,4982.22,2023-01-01 04:26:00,Kolkata,POS,4,0.9,Desktop,1
1015,792.75,2023-01-02 10:52:00,Hyderabad,POS,1,0.12,Mobile,0
1455,732.05,2023-01-01 22:35:00,Kolkata,Online,5,0.64,Mobile,0
1445,1385.66,2023-01-01 00:31:00,Delhi,ATM,6,0.17,Mobile,0
1811,1048.42,2023-01-01 16:13:00,Chennai,ATM,26,0.75,Mobile,0
1841,1109.54,2023-01-01 10:40:00,Bangalore,ATM,78,0.51,Mobile,0
1506,8542.19,2023-01-02 16:01:00,Kolkata,ATM,42,0.96,Tablet,0
1010,262.7,2023-01-01 00:24:00,Chennai,Bank Transfer,68,0.34,Mobile,0
1558,481.28,2023-01-01 17:17:00,Delhi,POS,83,0.56,Tablet,0
1781,2114.26,2023-01-01 20:14:00,Kolkata,ATM,75,0.59,Tablet,0
1175,12023.24,2023-01-01 08:35:00,Chennai,Bank Transfer,23,0.5,Tablet,0
1584,128.84,2023-01-01 09:56:00,Hyderabad,ATM,43,0.85,Mobile,0
1767,2465.87,2023-01-01 22:50:00,Bangalore,Online,33,0.57,Tablet,0
1007,2380.42,2023-01-01 06:47:00,Bangalore,Online,99,0.49,Desktop,0
1400,525.73,2023-01-01 08:02:00,Delhi,Bank Transfer,23,0.83,Mobile,0
1485,1160.59,2023-01-05 08:14:00,Kolkata,Bank Transfer,51,0.22,Mobile,1
1135,5341.49,2023-01-01 00:14:00,Chennai,Online,72,0.8,Mobile,0
1671,292.71,2023-01-01 23:50:00,Bangalore,ATM,33,0.39,Desktop,0
1942,1255.98,2023-01-04 10:07:00,Hyderabad,POS,111,0.31,Tablet,0
1699,3440.93,2023-01-03 16:52:00,Hyderabad,POS,108,0.87,Mobile,0
1081,248.12,2023-01-01 10:40:00,Chennai,POS,19,0.9,Mobile,0
1045,1126.52,2023-01-01 08:32:00,Kolkata,Bank Transfer,40,0.73,Tablet,0
1206,5405.64,2023-01-03 08:35:00,Hyderabad,Bank Transfer,31,0.3,Mobile,0
1240,774.84,2023-01-03 04:54:00,Mumbai,ATM,12,0.23,Mobile,0
1967,2141.07,2023-01-01 09:54:00,Kolkata,ATM,45,0.6,Desktop,0
1371,1698.9,2023-01-01 03:43:00,Delhi,ATM,31,0.88,Tablet,0
1006,423.01,2023-01-02 07:13:00,Bangalore,Online,22,0.83,Mobile,0
1709,1416.66,2023-01-02 13:15:00,Chennai,Bank Transfer,7,0.56,Desktop,0
1420,724.63,2023-01-04 16:44:00,Delhi,Bank Transfer,53,0.49,Mobile,0
1886,156.04,2023-01-01 12:28:00,Chennai,Bank Transfer,75,0.64,Desktop,0
1210,504.03,2023-01-02 10:52:00,Chennai,Online,74,0.65,Desktop,0
1566,1669.17,2023-01-01 09:04:00,Mumbai,Online,41,0.62,Desktop,0
1253,1003.88,2023-01-01 17:37:00,Hyderabad,Online,78,0.8,Tablet,0
1787,574.41,2023-01-02 00:25:00,Hyderabad,Online,6,0.39,Tablet,0
1265,3073.2,2023-01-01 17:50:00,Mumbai,Bank Transfer,8,0.31,Mobile,0
1978,372.98,2023-01-01 07:51:00,Kolkata,POS,108,0.11,Desktop,0
1666,78.6,2023-01-01 03:57:00,Kolkata,Bank Transfer,111,0.56,Mobile,0
1537,1668.3,2023-01-02 05:45:00,Mumbai,ATM,52,0.35,Desktop,0
1978,4161.01,2023-01-02 01:49:00,Bangalore,ATM,84,0.85,Desktop,0
1576,1110.72,2023-01-01 07:41:00,Bangalore,Online,99,0.13,Mobile,0
1321,968.18,2023-01-02 00:41:00,Kolkata,Online,21,0.13,Mobile,0
1051,3688.54,2023-01-01 13:55:00,Chennai,ATM,100,0.14,Desktop,0
1868,932.51,2023-01-02 14:49:00,Delhi,POS,31,0.9,Mobile,0
1266,3621.81,2023-01-01 08:20:00,Chennai,Bank Transfer,113,0.65,Mobile,0
1932,953.23,2023-01-01 01:44:00,Delhi,Online,58,0.43,Mobile,1
1391,1182.49,2023-01-02 09:52:00,Kolkata,Bank Transfer,86,0.6,Desktop,0
1229,1189.92,2023-01-03 09:11:00,Delhi,Bank Transfer,22,0.84,Mobile,0
1556,4599.62,2023-01-01 01:33:00,Chennai,Online,69,0.68,Mobile,0
1316,4228.99,2023-01-01 05:03:00,Bangalore,ATM,5,0.23,Desktop,0
1820,4085.87,2023-01-01 08:17:00,Mumbai,Bank Transfer,89,0.2,Tablet,0
1290,76.61,2023-01-01 16:55:00,Bangalore,Online,39,0.32,Tablet,0
1294,3567.92,2023-01-01 08:32:00,Bangalore,POS,22,0.66,Desktop,0
1791,4468.37,2023-01-04 19:29:00,Kolkata,Online,19,0.13,Desktop,0
1839,3605.12,2023-01-01 23:27:00,Delhi,ATM,69,0.57,Mobile,0
1299,7116.35,2023-01-01 09:15:00,Mumbai,Online,27,0.33,Mobile,0
1267,4902.1,2023-01-01 04:34:00,Mumbai,Online,82,0.84,Tablet,0
1761,1303.19,2023-01-01 03:30:00,Delhi,ATM,34,0.67,Tablet,0
1400,2361.07,2023-01-03 07:59:00,Chennai,Online,44,0.52,Tablet,0
1616,1160.81,2023-01-02 19:05:00,Bangalore,Online,26,0.75,Tablet,0
1348,8886.72,2023-01-03 04:49:00,Hyderabad,POS,49,0.31,Tablet,0
1180,2631.48,2023-01-02 04:43:00,Chennai,POS,58,0.12,Mobile,0
1074,1035.74,2023-01-01 05:22:00,Kolkata,POS,54,0.56,Tablet,0
1681,49.63,2023-01-04 01:19:00,Hyderabad,POS,93,0.57,Tablet,0
1765,5773.97,2023-01-01 00:42:00,Chennai,ATM,48,0.52,Tablet,0
1467,2665.42,2023-01-02 18:17:00,Hyderabad,Online,110,0.42,Tablet,0
1626,3471.61,2023-01-01 04:27:00,Bangalore,Online,37,0.55,Mobile,0
1722,838.88,2023-01-02 01:57:00,Delhi,Online,101,0.72,Desktop,0
1460,1663.34,2023-01-01 01:16:00,Mumbai,Online,104,0.42,Mobile,0
1954,28.81,2023-01-01 06:44:00,Chennai,Bank Transfer,1,0.88,Desktop,0
1832,1704.18,2023-01-01 13:07:00,Mumbai,ATM,104,0.7,Mobile,1
1246,1989.48,2023-01-02 16:36:00,Bangalore,Bank Transfer,47,0.4,Mobile,0
1597,220.5,2023-01-01 10:54:00,Delhi,ATM,58,0.38,Tablet,0
1667,178.79,2023-01-01 06:44:00,Chennai,Bank Transfer,110,0.43,Mobile,0
1917,772.65,2023-01-02 05:33:00,Hyderabad,Online,73,0.77,Tablet,0
1130,1535.1,2023-01-01 02:29:00,Mumbai,ATM,3,0.56,Mobile,0
1887,1663.55,2023-01-03 21:55:00,Hyderabad,ATM,50,0.1,Tablet,0
1976,251.91,2023-01-03 15:35:00,Hyderabad,Online,87,0.91,Desktop,0
1483,2008.58,2023-01-01 01:54:00,Bangalore,POS,102,0.28,Mobile,0
1054,3719.49,2023-01-03 19:44:00,Kolkata,ATM,13,0.14,Tablet,0
1584,1740.5,2023-01-03 06:24:00,Mumbai,POS,96,0.28,Mobile,0
1780,428.88,2023-01-01 21:54:00,Hyderabad,POS,76,0.99,Desktop,0
1394,2844.84,2023-01-01 16:00:00,Delhi,POS,87,0.57,Tablet,0
1084,4018.19,2023-01-02 12:25:00,Kolkata,Bank Transfer,39,0.68,Desktop,0
1454,1360.91,2023-01-01 00:12:00,Chennai,ATM,22,0.38,Tablet,0
1179,618.14,2023-01-02 01:24:00,Mumbai,Online,16,0.75,Tablet,0
1213,5424.36,2023-01-01 06:30:00,Delhi,ATM,77,0.54,Mobile,0
1727,119.71,2023-01-02 16:19:00,Hyderabad,Bank Transfer,83,0.68,Tablet,1
1540,651.33,2023-01-01 08:30:00,Chennai,POS,89,0.57,Desktop,0
1217,737.17,2023-01-01 03:25:00,Chennai,Online,50,0.63,Mobile,0
1718,4152.92,2023-01-02 19:18:00,Hyderabad,Online,98,0.79,Desktop,0
1271,286.61,2023-01-02 06:16:00,Chennai,Bank Transfer,114,0.8,Tablet,0
1992,363.65,2023-01-06 05:27:00,Hyderabad,Bank Transfer,5,0.36,Mobile,0
1335,294.47,2023-01-01 14:18:00,Kolkata,ATM,34,0.84,Tablet,0
1672,1689.71,2023-01-01 03:09:00,Mumbai,ATM,71,0.95,Tablet,0
1721,4085.09,2023-01-01 15:11:00,Hyderabad,POS,108,0.39,Tablet,0
1814,4339.38,2023-01-01 17:12:00,Kolkata,Online,94,0.91,Desktop,0
1473,46.17,2023-01-01 10:47:00,Bangalore,Online,15,0.5,Tablet,0
1943,1051.85,2023-01-02 09:06:00,Chennai,Bank Transfer,82,0.23,Tablet,0
1855,1204.74,2023-01-01 05:06:00,Bangalore,Online,37,0.8,Mobile,0
1220,4165.89,2023-01-03 14:52:00,Hyderabad,Online,61,0.75,Mobile,0
1423,3172.12,2023-01-01 14:32:00,Mumbai,Online,48,0.76,Mobile,0
1798,1431.21,2023-01-01 01:31:00,Kolkata,Online,36,0.93,Tablet,0
1247,1754.41,2023-01-01 01:12:00,Hyderabad,POS,18,0.27,Desktop,0
1018,285.75,2023-01-01 11:25:00,Hyderabad,POS,111,0.21,Tablet,1
1742,1565.44,2023-01-02 00:20:00,Hyderabad,POS,19,0.5,Mobile,0
1757,574.79,2023-01-02 18:38:00,Hyderabad,Bank Transfer,93,1.0,Mobile,0
1763,481.88,2023-01-02 01:35:00,Mumbai,Online,29,0.29,Mobile,0
1102,642.91,2023-01-03 09:08:00,Mumbai,Online,99,0.41,Mobile,0
1186,155.17,2023-01-01 14:56:00,Chennai,POS,115,0.98,Mobile,0
1392,595.41,2023-01-01 13:45:00,Delhi,ATM,104,0.91,Desktop,0
1167,429.95,2023-01-01 03:17:00,Kolkata,ATM,26,0.57,Desktop,0
1803,1208.01,2023-01-01 22:33:00,Chennai,POS,22,0.9,Tablet,0
1994,236.05,2023-01-01 21:28:00,Bangalore,Online,38,0.28,Desktop,0
1885,302.16,2023-01-01 02:35:00,Hyderabad,Bank Transfer,89,0.18,Mobile,0
1598,2383.29,2023-01-03 00:54:00,Mumbai,ATM,28,0.77,Desktop,0
1732,11.79,2023-01-01 14:01:00,Hyderabad,POS,80,0.82,Mobile,0
1950,1538.73,2023-01-05 20:05:00,Delhi,POS,57,0.79,Mobile,1
1563,1957.2,2023-01-03 08:03:00,Delhi,Online,37,0.57,Desktop,0
1843,1304.76,2023-01-02 00:33:00,Mumbai,POS,73,0.26,Desktop,0
1090,875.01,2023-01-02 04:06:00,Hyderabad,ATM,84,0.81,Desktop,0
1537,1306.0,2023-01-01 23:02:00,Chennai,POS,72,0.79,Tablet,0
1100,586.25,2023-01-01 02:08:00,Mumbai,Bank Transfer,70,0.18,Mobile,0
1691,598.0,2023-01-02 11:59:00,Delhi,POS,107,0.62,Mobile,0
1992,3682.73,2023-01-01 18:52:00,Hyderabad,Online,72,0.67,Desktop,0
1811,1586.4,2023-01-02 13:29:00,Hyderabad,ATM,57,0.65,Desktop,0
1696,5310.4,2023-01-01 05:14:00,Bangalore,ATM,47,0.66,Tablet,0
1898,2689.2,2023-01-01 00:06:00,Chennai,Online,113,0.88,Desktop,0
1140,3057.6,2023-01-06 16:09:00,Bangalore,ATM,110,0.31,Desktop,0
1725,2109.92,2023-01-02 11:13:00,Hyderabad,POS,41,0.24,Desktop,0
1377,1985.26,2023-01-01 02:32:00,Mumbai,Bank Transfer,76,0.42,Mobile,0
1853,585.21,2023-01-01 04:29:00,Chennai,POS,115,0.84,Tablet,0
1903,672.96,2023-01-01 00:25:00,Bangalore,POS,2,0.4,Mobile,0
1723,3064.72,2023-01-01 10:28:00,Hyderabad,POS,116,0.13,Desktop,0
1594,480.21,2023-01-01 11:13:00,Mumbai,POS,104,0.28,Tablet,0
1802,308.42,2023-01-02 00:15:00,Bangalore,POS,86,0.73,Tablet,0
1814,4776.5,2023-01-01 06:14:00,Mumbai,ATM,88,0.16,Mobile,0
1476,4711.81,2023-01-03 09:10:00,Delhi,Online,95,0.19,Desktop,0
1668,3908.78,2023-01-05 10:59:00,Hyderabad,Bank Transfer,60,0.64,Mobile,0
1162,1946.62,2023-01-03 14:36:00,Hyderabad,Online,60,0.39,Desktop,0
1757,678.87,2023-01-04 21:36:00,Kolkata,Bank Transfer,43,0.32,Tablet,0
1450,2590.27,2023-01-02 12:17:00,Delhi,Online,65,0.45,Tablet,0
1591,3847.23,2023-01-02 06:41:00,Mumbai,Online,41,0.8,Mobile,0
1606,108.72,2023-01-01 05:10:00,Bangalore,ATM,36,0.14,Mobile,0
1291,302.94,2023-01-02 00:26:00,Hyderabad,Bank Transfer,107,0.11,Mobile,0
1420,1765.78,2023-01-01 02:14:00,Chennai,Bank Transfer,35,0.6,Tablet,0
1163,3495.41,2023-01-03 18:30:00,Hyderabad,Bank Transfer,19,0.12,Desktop,0
1036,758.01,2023-01-01 15:29:00,Chennai,POS,19,0.47,Mobile,0
1102,1116.29,2023-01-01 02:27:00,Kolkata,POS,65,0.17,Desktop,0
1100,2427.81,2023-01-01 00:07:00,Kolkata,Bank Transfer,66,0.33,Mobile,1
1646,1629.03,2023-01-02 05:29:00,Chennai,POS,51,0.71,Desktop,0
1955,6267.2,2023-01-02 05:57:00,Bangalore,Bank Transfer,34,0.47,Mobile,0
1560,347.06,2023-01-01 01:28:00,Kolkata,POS,16,0.5,Desktop,0
1426,1109.31,2023-01-01 18:09:00,Kolkata,ATM,97,0.82,Desktop,0
1097,1771.17,2023-01-01 10:05:00,Chennai,ATM,15,0.73,Desktop,0
1711,1290.45,2023-01-01 09:56:00,Chennai,ATM,95,0.43,Mobile,0
1424,16445.26,2023-01-01 05:17:00,Kolkata,Online,60,0.76,Tablet,0
1337,1763.76,2023-01-01 15:26:00,Mumbai,Online,91,0.38,Tablet,0
1625,376.5,2023-01-02 11:30:00,Kolkata,Online,30,0.88,Mobile,0
1283,1052.81,2023-01-01 14:02:00,Mumbai,ATM,79,0.49,Mobile,0
1759,272.54,2023-01-01 23:26:00,Bangalore,POS,116,0.38,Desktop,0
1376,5789.99,2023-01-05 01:59:00,Mumbai,POS,73,0.15,Mobile,0
1175,1721.24,2023-01-03 21:03:00,Kolkata,ATM,106,0.11,Tablet,0
1016,2820.86,2023-01-01 11:10:00,Hyderabad,ATM,7,0.66,Mobile,0
1598,2447.15,2023-01-03 18:31:00,Hyderabad,Online,8,0.22,Mobile,0
1159,87.25,2023-01-02 09:06:00,Mumbai,Online,114,0.84,Desktop,0
1083,1568.16,2023-01-01 03:07:00,Kolkata,ATM,88,0.67,Tablet,0
1452,1444.3,2023-01-02 11:42:00,Hyderabad,Bank Transfer,33,0.6,Tablet,0
1146,3622.7,2023-01-01 10:47:00,Hyderabad,POS,35,0.23,Desktop,0
1680,26.15,2023-01-01 03:04:00,Hyderabad,Bank Transfer,90,0.92,Desktop,0
1098,1294.3,2023-01-02 05:22:00,Hyderabad,Online,99,0.68,Tablet,0
1836,102.11,2023-01-01 10:27:00,Bangalore,Bank Transfer,38,0.28,Desktop,0
1361,1902.4,2023-01-01 06:36:00,Kolkata,ATM,21,0.99,Tablet,0
1065,2470.5,2023-01-01 00:25:00,Delhi,Bank Transfer,112,0.49,Tablet,0
1886,1089.2,2023-01-02 03:33:00,Bangalore,Bank Transfer,115,0.63,Desktop,0
1532,319.64,2023-01-02 05:07:00,Bangalore,POS,102,0.82,Desktop,0
1128,1368.62,2023-01-01 10:44:00,Hyderabad,Bank Transfer,33,0.89,Desktop,0
1377,959.9,2023-01-03 16:05:00,Hyderabad,Online,6,0.66,Tablet,0
1742,604.52,2023-01-01 01:18:00,Hyderabad,Bank Transfer,5,0.11,Mobile,0
1167,587.69,2023-01-01 08:17:00,Hyderabad,Online,98,0.88,Mobile,0
1443,1146.57,2023-01-01 08:51:00,Bangalore,Online,9,0.89,Tablet,0
1347,802.35,2023-01-01 00:36:00,Bangalore,Online,71,0.7,Mobile,0
1007,1215.67,2023-01-01 15:02:00,Bangalore,POS,38,0.55,Mobile,0
1339,2384.48,2023-01-04 08:38:00,Hyderabad,Online,80,0.29,Tablet,0
1365,2486.64,2023-01-01 00:34:00,Mumbai,Online,38,0.26,Mobile,0
1266,301.04,2023-01-01 15:26:00,Chennai,Bank Transfer,4,0.26,Mobile,0
1446,4532.1,2023-01-01 04:14:00,Delhi,POS,74,0.42,Tablet,0
1565,937.74,2023-01-01 05:05:00,Mumbai,ATM,108,0.16,Tablet,0
1963,1425.89,2023-01-01 18:02:00,Delhi,POS,29,0.79,Tablet,0
1964,7923.17,2023-01-01 02:08:00,Kolkata,POS,88,0.15,Mobile,0
1107,602.52,2023-01-01 17:10:00,Bangalore,Bank Transfer,53,0.87,Desktop,0
1200,328.9,2023-01-01 02:38:00,Kolkata,ATM,2,0.9,Desktop,0
1120,3916.68,2023-01-01 15:31:00,Mumbai,ATM,37,0.55,Tablet,0
1343,975.75,2023-01-01 06:16:00,Hyderabad,POS,44,0.84,Tablet,0
1239,1616.75,2023-01-01 01:04:00,Chennai,POS,63,0.74,Tablet,0
1381,900.43,2023-01-02 20:26:00,Bangalore,ATM,7,0.63,Mobile,0
1564,1045.69,2023-01-01 01:55:00,Delhi,POS,14,0.79,Tablet,0
1063,3543.23,2023-01-07 00:52:00,Mumbai,POS,34,0.14,Tablet,0
1603,2524.8,2023-01-01 02:08:00,Kolkata,Online,94,0.31,Mobile,0
1079,2687.63,2023-01-01 02:49:00,Mumbai,Bank Transfer,94,0.33,Desktop,0
1594,3578.74,2023-01-01 18:21:00,Bangalore,POS,115,0.56,Mobile,0
1895,2735.49,2023-01-02 02:16:00,Delhi,POS,31,0.34,Desktop,0
1795,1121.76,2023-01-01 14:07:00,Bangalore,POS,104,0.49,Tablet,0
1493,562.2,2023-01-01 21:53:00,Chennai,ATM,6,0.22,Desktop,1
1392,3148.63,2023-01-02 09:17:00,Mumbai,Bank Transfer,64,0.37,Tablet,0
1032,3426.35,2023-01-01 04:57:00,Delhi,POS,119,0.93,Mobile,0
1746,237.41,2023-01-01 15:54:00,Mumbai,POS,18,0.7,Desktop,0
1347,98.98,2023-01-01 18:01:00,Delhi,POS,77,0.38,Mobile,0
1549,157.45,2023-01-02 13:43:00,Bangalore,Bank Transfer,46,0.12,Tablet,0
1997,1001.13,2023-01-01 06:13:00,Hyderabad,ATM,49,0.31,Desktop,0
1348,2324.27,2023-01-02 08:19:00,Delhi,Online,97,0.4,Tablet,0
1640,2901.8,2023-01-03 17:11:00,Chennai,Online,82,0.23,Tablet,0
1089,907.23,2023-01-06 05:37:00,Chennai,Online,7,0.63,Desktop,0
1459,1652.33,2023-01-01 15:37:00,Bangalore,Bank Transfer,10,0.56,Desktop,0
1391,5401.42,2023-01-01 17:50:00,Hyderabad,ATM,19,0.59,Tablet,0
1483,2748.03,2023-01-01 02:53:00,Mumbai,Bank Transfer,64,0.94,Desktop,0
1661,3325.97,2023-01-03 03:22:00,Mumbai,POS,65,0.95,Tablet,0
1281,681.78,2023-01-01 13:45:00,Kolkata,Bank Transfer,114,0.13,Desktop,0
1294,4179.27,2023-01-01 12:51:00,Mumbai,ATM,37,0.33,Tablet,0
1574,251.78,2023-01-06 02:28:00,Delhi,Bank Transfer,113,0.84,Desktop,0
1913,1153.72,2023-01-01 18:24:00,Mumbai,ATM,69,0.61,Mobile,0
1613,1414.34,2023-01-01 00:20:00,Chennai,POS,119,0.63,Mobile,0
1462,80.66,2023-01-02 12:26:00,Bangalore,Online,9,0.55,Tablet,0
1536,1100.35,2023-01-02 20:13:00,Bangalore,Bank Transfer,91,0.48,Desktop,0
1824,746.02,2023-01-02 17:11:00,Delhi,POS,62,0.98,Tablet,0
1945,1978.83,2023-01-02 08:26:00,Bangalore,POS,53,0.26,Desktop,0
1563,3632.03,2023-01-01 21:47:00,Hyderabad,ATM,55,0.98,Mobile,0
1667,413.8,2023-01-01 19:12:00,Mumbai,POS,66,0.19,Tablet,0
1442,1807.08,2023-01-01 00:28:00,Delhi,ATM,51,0.66,Desktop,0
1196,651.44,2023-01-03 10:37:00,Kolkata,Online,100,0.35,Tablet,0
1702,3447.81,2023-01-01 07:10:00,Mumbai,POS,45,0.7,Mobile,0
1167,6106.66,2023-01-01 08:31:00,Hyderabad,POS,12,0.64,Mobile,0
1208,2504.69,2023-01-02 06:39:00,Kolkata,ATM,36,0.82,Tablet,1
1753,753.01,2023-01-02 07:28:00,Delhi,Online,11,0.5,Tablet,0
1133,1723.47,2023-01-01 23:58:00,Bangalore,POS,79,0.39,Mobile,0
1464,2574.41,2023-01-01 12:53:00,Hyderabad,POS,43,0.77,Tablet,0
1996,3763.22,2023-01-02 20:55:00,Chennai,Online,95,0.44,Tablet,0
1731,1507.56,2023-01-01 06:23:00,Delhi,ATM,115,0.44,Mobile,0
1569,1659.49,2023-01-01 04:07:00,Bangalore,Bank Transfer,22,0.61,Desktop,0
1616,2355.3,2023-01-01 01:35:00,Kolkata,Bank Transfer,11,0.67,Tablet,0
1191,1813.48,2023-01-01 15:42:00,Kolkata,Bank Transfer,33,0.18,Desktop,0
1447,2993.72,2023-01-01 01:42:00,Mumbai,ATM,49,0.23,Tablet,0
1354,2429.58,2023-01-01 00:00:00,Bangalore,Bank Transfer,53,0.86,Mobile,0
1201,4100.45,2023-01-01 21:47:00,Hyderabad,POS,47,0.61,Mobile,0
1737,3212.91,2023-01-01 21:25:00,Chennai,ATM,6,0.89,Desktop,0
1453,317.52,2023-01-01 17:03:00,Hyderabad,ATM,28,0.52,Mobile,0
1330,1410.42,2023-01-01 02:01:00,Hyderabad,Bank Transfer,2,0.99,Mobile,0
1218,482.29,2023-01-01 13:22:00,Delhi,Online,46,0.95,Desktop,0
1330,2192.3,2023-01-01 14:59:00,Delhi,Online,110,0.4,Mobile,0
1914,368.5,2023-01-01 03:02:00,Hyderabad,ATM,28,0.96,Mobile,0
1064,1827.77,2023-01-01 10:50:00,Hyderabad,Online,119,0.87,Mobile,0
1356,272.06,2023-01-02 05:38:00,Chennai,ATM,118,0.33,Desktop,0
1017,25.43,2023-01-01 19:35:00,Bangalore,Online,57,0.62,Mobile,0
1221,1669.89,2023-01-02 05:09:00,Kolkata,ATM,93,0.33,Mobile,0
1276,1382.46,2023-01-03 02:01:00,Mumbai,Bank Transfer,8,0.59,Desktop,0
1070,3552.98,2023-01-02 22:18:00,Mumbai,Online,94,0.3,Tablet,0
1714,2134.65,2023-01-01 05:09:00,Mumbai,Bank Transfer,58,0.95,Desktop,0
1034,2012.02,2023-01-01 07:42:00,Mumbai,Online,47,0.46,Desktop,0
1634,2270.97,2023-01-01 13:25:00,Hyderabad,Bank Transfer,84,0.32,Mobile,0
1663,3322.87,2023-01-02 15:43:00,Kolkata,Bank Transfer,84,0.75,Desktop,0
1530,441.22,2023-01-01 08:16:00,Mumbai,ATM,98,0.91,Mobile,0
1629,835.23,2023-01-02 02:25:00,Chennai,ATM,10,0.11,Mobile,0
1453,205.91,2023-01-01 19:26:00,Bangalore,Bank Transfer,36,0.93,Desktop,0
1616,2372.3,2023-01-02 20:47:00,Delhi,ATM,102,0.19,Mobile,0
1149,3647.94,2023-01-01 10:44:00,Bangalore,Online,39,0.21,Desktop,0
1379,1830.68,2023-01-03 04:07:00,Chennai,Online,38,0.42,Desktop,0
1056,2208.97,2023-01-01 16:42:00,Mumbai,Bank Transfer,119,0.51,Tablet,0
1938,2821.37,2023-01-02 14:15:00,Bangalore,Bank Transfer,105,0.87,Tablet,0
1560,78.6,2023-01-01 04:29:00,Delhi,ATM,100,0.17,Desktop,0
1638,4229.59,2023-01-02 07:02:00,Kolkata,Online,54,0.69,Mobile,0
1401,507.52,2023-01-03 03:03:00,Bangalore,Online,105,0.14,Tablet,0
1813,406.64,2023-01-01 04:54:00,Bangalore,POS,10,0.1,Desktop,0
1236,4017.1,2023-01-01 00:45:00,Chennai,ATM,78,0.39,Tablet,0
1610,576.92,2023-01-03 16:43:00,Bangalore,Online,40,0.29,Mobile,0
1513,8655.54,2023-01-01 02:06:00,Chennai,Bank Transfer,85,0.34,Tablet,0
1599,2427.22,2023-01-01 03:05:00,Chennai,Online,96,0.53,Mobile,0
1260,2897.27,2023-01-02 01:06:00,Hyderabad,Online,5,0.21,Tablet,0
1624,2196.21,2023-01-02 12:09:00,Bangalore,POS,9,0.15,Mobile,0
1765,1124.12,2023-01-01 05:48:00,Hyderabad,POS,71,0.36,Tablet,0
1468,6593.8,2023-01-01 01:07:00,Mumbai,ATM,83,0.45,Tablet,0
1645,1107.8,2023-01-01 20:42:00,Chennai,ATM,37,0.2,Tablet,0
1342,4585.99,2023-01-02 08:31:00,Kolkata,Bank Transfer,67,0.49,Mobile,0
1960,1014.59,2023-01-01 07:04:00,Delhi,POS,117,0.88,Tablet,0
1308,2500.03,2023-01-02 02:19:00,Mumbai,Online,88,0.57,Mobile,0
1194,1804.07,2023-01-03 05:02:00,Hyderabad,Online,53,0.66,Mobile,0
1322,908.05,2023-01-01 17:58:00,Chennai,POS,97,0.46,Mobile,0
